original_Nr. Matricola,original_Cod. Cli/For,original_RAGIONESOCIALE,original_Commessa,original_Cod. Dest.,original_H2DES,original_INDIRIZZO,original_CITTA,original_CAP,original_PROVINCIA,original_NAZIONE,original_LONG,original_LAT,original_Fatt-Fitt,lat,lon,formatted,name,housenumber,street,postcode,suburb,district,city,county,county_code,state,state_code,country,country_code,confidence,confidence_city_level,confidence_street_level,attribution,attribution_license,attribution_url
MARES0000071,1201000535,RAVAGNAN SPA,M2019,,,VIA XXV APRILE,LIMENA,35010,PD,Italia,9.2809939,45.5122935,-2717,45.5003822,11.8595422,"Via Venticinque Aprile, 35010 Vigodarzere PD, Italia",Via Venticinque Aprile,,Via Venticinque Aprile,35010,,,Vigodarzere,Padova,PD,Veneto,VEN,Italia,it,0.5,1,1,© OpenStreetMap contributors,Open Database License,https://www.openstreetmap.org/copyright
MARES0000072,1201003410,S.C. SALDATURA CARPENTERIA S.P.A. CON AZIONISTA UNICO,M2005,,,VIA CRESTANI 14,SAREGO,36040,VI,Italia,11.3777296,45.4573838,-1543,,,,,,,,,,,,,,,,,,,,,,
MARES0000073,1201003410,S.C. SALDATURA CARPENTERIA S.P.A. CON AZIONISTA UNICO,M2005,,,VIA CRESTANI 14,SAREGO,36040,VI,Italia,11.3777296,45.4573838,644,,,,,,,,,,,,,,,,,,,,,,
MARES0000074,1201003410,S.C. SALDATURA CARPENTERIA S.P.A. CON AZIONISTA UNICO,M2005,,,VIA CRESTANI 14,SAREGO,36040,VI,Italia,11.3777296,45.4573838,4893,,,,,,,,,,,,,,,,,,,,,,
MARES0000075,1201000090,SIMEC S.P.A. MACC.LAVORAZIONE,M2022,,,VIA E. FERMI 4,CASTELLO DI GODEGO,31030,TV,Italia,9.685195,44.9543148,-4509,,,,,,,,,,,,,,,,,,,,,,
MARES0000076,1201000090,SIMEC S.P.A. MACC.LAVORAZIONE,M2022,,,VIA E. FERMI 4,CASTELLO DI GODEGO,31030,TV,Italia,9.685195,44.9543148,4286,,,,,,,,,,,,,,,,,,,,,,
MARES0000077,1201000090,SIMEC S.P.A. MACC.LAVORAZIONE,M2022,,,VIA E. FERMI 4,CASTELLO DI GODEGO,31030,TV,Italia,9.685195,44.9543148,1968,,,,,,,,,,,,,,,,,,,,,,
MARES0000078,1201000090,SIMEC S.P.A. MACC.LAVORAZIONE,M2104,,,VIA E. FERMI 4,CASTELLO DI GODEGO,31030,TV,Italia,9.685195,44.9543148,4701,,,,,,,,,,,,,,,,,,,,,,
MARES0000079,1201000090,SIMEC S.P.A. MACC.LAVORAZIONE,M2104,,,VIA E. FERMI 4,CASTELLO DI GODEGO,31030,TV,Italia,9.685195,44.9543148,3576,,,,,,,,,,,,,,,,,,,,,,
MARES0000080,1201001183,STEAT SRL,GM173,,,VIA MASSIMO D'ANTONA 35,RIVALTA DI TORINO,10040,TO,Italia,12.2023563,44.3790204,-3375,,,,,,,,,,,,,,,,,,,,,,
MINT0000009,1201001183,STEAT SRL,MARES,,,VIA MASSIMO D'ANTONA 35,RIVALTA DI TORINO,10040,TO,Italia,12.2023563,44.3790204,547,,,,,,,,,,,,,,,,,,,,,,
MARES0000081,1201003012,TOMATIS NICOLA S.R.L.,GM139,,,"VIA VOLONTARI DEL SANGUE, 2",NOLE,10076,TO,Italia,10.376186,44.9270166,1376,,,,,,,,,,,,,,,,,,,,,,
MARES0000082,1201003012,TOMATIS NICOLA S.R.L.,TM098,,,"VIA VOLONTARI DEL SANGUE, 2",NOLE,10076,TO,Italia,10.376186,44.9270166,2333,,,,,,,,,,,,,,,,,,,,,,
MINT0000010,1201003012,TOMATIS NICOLA S.R.L.,MARES,,,"VIA VOLONTARI DEL SANGUE, 2",NOLE,10076,TO,Italia,10.376186,44.9270166,1837,,,,,,,,,,,,,,,,,,,,,,
MARES0000083,1201000577,VENETA STAMPI SRL,GM166,,,VIA PO' 85,CEGGIA,30022,VE,Italia,12.2306031,44.1316713,-1489,,,,,,,,,,,,,,,,,,,,,,
MARES0000084,1201000577,VENETA STAMPI SRL,DM091,,,VIA PO' 85,CEGGIA,30022,VE,Italia,12.2306031,44.1316713,-766,,,,,,,,,,,,,,,,,,,,,,
MINT0000011,1201000577,VENETA STAMPI SRL,MARES,,,VIA PO' 85,CEGGIA,30022,VE,Italia,12.2306031,44.1316713,-1270,,,,,,,,,,,,,,,,,,,,,,
MARES0000085,1201001150,EURO STAMPI SRL,DX117,,,VIA I. SILONE 8,JESI,60035,AN,Italia,9.2059089,45.3539357,2723,,,,,,,,,,,,,,,,,,,,,,
MARES0000086,1201003266,DAMAMEC DI DAL MASO DOMENICO & C. S.A.S.,M2023,,,CASALI MODEANO 11/A,PALAZZOLO DELLO STELLA,33056,UD,Italia,13.0276397,45.8211512,-1074,,,,,,,,,,,,,,,,,,,,,,
MARES0000087,1201003266,DAMAMEC DI DAL MASO DOMENICO & C. S.A.S.,M2023,,,CASALI MODEANO 11/A,PALAZZOLO DELLO STELLA,33056,UD,Italia,13.0276397,45.8211512,-2320,,,,,,,,,,,,,,,,,,,,,,
MARES0000088,1201003266,DAMAMEC DI DAL MASO DOMENICO & C. S.A.S.,M2023,,,CASALI MODEANO 11/A,PALAZZOLO DELLO STELLA,33056,UD,Italia,13.0276397,45.8211512,-1871,,,,,,,,,,,,,,,,,,,,,,
MARES0000089,1201003829,CARPENTERIA METALLICA G.T. S.R.L.,M2024,,,VIA LOMBARDIA 18,MONSELICE,35043,PD,Italia,12.1835167,44.4169988,2892,,,,,,,,,,,,,,,,,,,,,,
MARES0000090,1201003829,CARPENTERIA METALLICA G.T. S.R.L.,M2024,,,VIA LOMBARDIA 18,MONSELICE,35043,PD,Italia,12.1835167,44.4169988,4853,,,,,,,,,,,,,,,,,,,,,,
MARES0000091,1201003829,CARPENTERIA METALLICA G.T. S.R.L.,M2024,,,VIA LOMBARDIA 18,MONSELICE,35043,PD,Italia,12.1835167,44.4169988,4672,,,,,,,,,,,,,,,,,,,,,,
MARES0000092,1201003829,CARPENTERIA METALLICA G.T. S.R.L.,M2134,,,VIA LOMBARDIA 18,MONSELICE,35043,PD,Italia,12.1835167,44.4169988,4576,,,,,,,,,,,,,,,,,,,,,,
MARES0000093,1201000968,G.P. TECNICA SRL,M2071,,,VIA NAZIONALE 9,BALDICHIERI D'ASTI,14011,AT,Italia,11.2389881,46.2789091,3965,,,,,,,,,,,,,,,,,,,,,,
MARES0000094,1201003378,COLOMBO ALBERTO,M2072,,,"VIA P. VITALBA, 8",CALOLZIOCORTE,23801,LC,Italia,9.44365,45.81122,-567,,,,,,,,,,,,,,,,,,,,,,
MARES0000095,1201003383,PERSICHETTI STAMPI S.R.L.,CT008,,,"VIA I° MAGGIO, 26",FRATTA TODINA,6054,PG,Italia,14.2017021,42.4243273,4062,42.8504793,12.3786902,"Persichetti Stampi S.R.L., Via Primo Maggio, 26, 06054 Fratta Todina PG, Italia",Persichetti Stampi S.R.L.,26,Via Primo Maggio,06054,,Sant'Angelo,Fratta Todina,Perugia,PG,Umbria,UMB,Italia,it,0.9,1,0.9,© OpenStreetMap contributors,Open Database License,https://www.openstreetmap.org/copyright
MARES0000096,1201000334,STAMPOTECNICA SRL,ST003,,,VIA SCHIAVONESCA 129,CASELLE DI ALTIVOLE,31030,TV,Italia,11.9630234,45.7337298,704,,,,,,,,,,,,,,,,,,,,,,
MINT0000012,1201000334,STAMPOTECNICA SRL,MARES,,,VIA SCHIAVONESCA 129,CASELLE DI ALTIVOLE,31030,TV,Italia,11.9630234,45.7337298,-1436,,,,,,,,,,,,,,,,,,,,,,
MARES0000097,1201003389,TECHMOLD S.R.L.,SV093,,,VIA DE NICOLA 31,FORNO CANAVESE,10084,TO,Italia,10.5704954,44.8100677,2144,45.341575,7.600321,"Via Enrico De Nicola, 31, 10084 Forno Canavese Torino, Italia",,31,Via Enrico De Nicola,10084,,Comune di Forno Canavese,Forno Canavese,Torino,TO,Piemonte,PIE,Italia,it,0.81,1,0.9,© OpenAddresses contributors,BSD-3-Clause License,
MINT0000013,1201003389,TECHMOLD S.R.L.,MARES,,,VIA DE NICOLA 31,FORNO CANAVESE,10084,TO,Italia,10.5704954,44.8100677,489,45.341575,7.600321,"Via Enrico De Nicola, 31, 10084 Forno Canavese Torino, Italia",,31,Via Enrico De Nicola,10084,,Comune di Forno Canavese,Forno Canavese,Torino,TO,Piemonte,PIE,Italia,it,0.81,1,0.9,© OpenAddresses contributors,BSD-3-Clause License,
MARES0000098,1201002806,F.O.M.A.P. S.R.L.,VM137,,,VIA STRADETTA 24,PETRIGNANO D'ASSISI,6081,PG,Italia,12.5287222,43.09944,4645,,,,,,,,,,,,,,,,,,,,,,
MARES0000099,1201003391,RM PONTEROSSO S.P.A.,M2026,,,"VIA DEL TRIFOGLIO, 17",PORTO MARGHERA,30172,VE,Italia,12.2150566,45.4599346,4648,45.4599346,12.2150566,"R.M. Ponterosso S.P.A., Via del Trifoglio, 17, 30175 Venezia VE, Italia",R.M. Ponterosso S.P.A.,17,Via del Trifoglio,30175,Marghera,,Venezia,Venezia,VE,Veneto,VEN,Italia,it,0.5,0.5,0.5,© OpenStreetMap contributors,Open Database License,https://www.openstreetmap.org/copyright
MARES0000100,1201003391,RM PONTEROSSO S.P.A.,M2026,,,"VIA DEL TRIFOGLIO, 17",PORTO MARGHERA,30172,VE,Italia,12.2150566,45.4599346,4130,45.4599346,12.2150566,"R.M. Ponterosso S.P.A., Via del Trifoglio, 17, 30175 Venezia VE, Italia",R.M. Ponterosso S.P.A.,17,Via del Trifoglio,30175,Marghera,,Venezia,Venezia,VE,Veneto,VEN,Italia,it,0.5,0.5,0.5,© OpenStreetMap contributors,Open Database License,https://www.openstreetmap.org/copyright
MARES0000101,1201000696,FCF SRL,DM114,,,VIA DELL'OLMO 5,VARMO,33030,UD,Italia,9.1035745,40.9040164,-1221,,,,,,,,,,,,,,,,,,,,,,
MARES0000102,1201003207,BOMAN S.R.L.,M2013,,,"C.SO ROMA, 29",SALUZZO,12037,CN,Italia,8.1416518,45.634741,-4525,44.641463,7.49786,"Corso Roma, 29, 12037 Saluzzo CN, Italia",,29,Corso Roma,12037,,Comune di Saluzzo,Saluzzo,Cuneo,CN,Piemonte,PIE,Italia,it,0.63,1,0.7,© OpenAddresses contributors,BSD-3-Clause License,
MARES0000103,1201003207,BOMAN S.R.L.,M2013,,,"C.SO ROMA, 29",SALUZZO,12037,CN,Italia,8.1416518,45.634741,3434,44.641463,7.49786,"Corso Roma, 29, 12037 Saluzzo CN, Italia",,29,Corso Roma,12037,,Comune di Saluzzo,Saluzzo,Cuneo,CN,Piemonte,PIE,Italia,it,0.63,1,0.7,© OpenAddresses contributors,BSD-3-Clause License,
MARES0000104,1201003207,BOMAN S.R.L.,M2013,,,"C.SO ROMA, 29",SALUZZO,12037,CN,Italia,8.1416518,45.634741,2021,44.641463,7.49786,"Corso Roma, 29, 12037 Saluzzo CN, Italia",,29,Corso Roma,12037,,Comune di Saluzzo,Saluzzo,Cuneo,CN,Piemonte,PIE,Italia,it,0.63,1,0.7,© OpenAddresses contributors,BSD-3-Clause License,
MARES0000105,1201003406,CM TANNERY MACHINES S.P.A.,M2012,,,VIA CRISTOFORO COLOMBO 17,SANTA CROCE SULL'ARNO,56029,PI,Italia,10.7994316,44.5963523,258,,,,,,,,,,,,,,,,,,,,,,
MARES0000106,1201003406,CM TANNERY MACHINES S.P.A.,M2012,,,VIA CRISTOFORO COLOMBO 17,SANTA CROCE SULL'ARNO,56029,PI,Italia,10.7994316,44.5963523,-2504,,,,,,,,,,,,,,,,,,,,,,
MARES0000107,1201002911,MECC-TRE SRL,M2079,,,VIA PIERIBONI 24,VALLI DEL PASUBIO,36030,VI,Italia,11.2679734,45.7365251,-3544,,,,,,,,,,,,,,,,,,,,,,
MARES0000108,1201002085,PIOVESAN FLORINDO SRL,M2015,,,VIA ZAGARIA 1/B,QUINTO DI TREVISO,31055,TV,Italia,12.1653002,45.6279823,-1364,,,,,,,,,,,,,,,,,,,,,,
MARES0000109,1201002085,PIOVESAN FLORINDO SRL,M2015,,,VIA ZAGARIA 1/B,QUINTO DI TREVISO,31055,TV,Italia,12.1653002,45.6279823,-2207,,,,,,,,,,,,,,,,,,,,,,
MARES0000110,1201003090,"SIMOLDES ACOS, SA",M2028,,,RUA COMENDADOR A.RODRIGUES 100,SANTIAGO DE RIBA-UL,3720-502,,Portogallo,-47.7188779,-23.0963756,-4551,40.8488029,-8.4796665,"TUAZ Linha Laranja - Rua Comendador António da Silva Rodrigues, Rua Comendador António da Silva Rodrigues, 3720-514 Oliveira de Azeméis, Portogallo",TUAZ Linha Laranja - Rua Comendador António da Silva Rodrigues,,Rua Comendador António da Silva Rodrigues,3720-514,,"Oliveira de Azeméis, Santiago de Riba-Ul, Ul, Macinhata da Seixa e Madail",Oliveira de Azeméis,Aveiro,,,,Portogallo,pt,0.2025,0.5,0.405,© OpenStreetMap contributors,Open Database License,https://www.openstreetmap.org/copyright
MARES0000111,1201003090,"SIMOLDES ACOS, SA",M2028,,,RUA COMENDADOR A.RODRIGUES 100,SANTIAGO DE RIBA-UL,3720-502,,Portogallo,-47.7188779,-23.0963756,2011,40.8488029,-8.4796665,"TUAZ Linha Laranja - Rua Comendador António da Silva Rodrigues, Rua Comendador António da Silva Rodrigues, 3720-514 Oliveira de Azeméis, Portogallo",TUAZ Linha Laranja - Rua Comendador António da Silva Rodrigues,,Rua Comendador António da Silva Rodrigues,3720-514,,"Oliveira de Azeméis, Santiago de Riba-Ul, Ul, Macinhata da Seixa e Madail",Oliveira de Azeméis,Aveiro,,,,Portogallo,pt,0.2025,0.5,0.405,© OpenStreetMap contributors,Open Database License,https://www.openstreetmap.org/copyright
MARES0000112,1201003090,"SIMOLDES ACOS, SA",M2028,,,RUA COMENDADOR A.RODRIGUES 100,SANTIAGO DE RIBA-UL,3720-502,,Portogallo,-47.7188779,-23.0963756,-1372,40.8488029,-8.4796665,"TUAZ Linha Laranja - Rua Comendador António da Silva Rodrigues, Rua Comendador António da Silva Rodrigues, 3720-514 Oliveira de Azeméis, Portogallo",TUAZ Linha Laranja - Rua Comendador António da Silva Rodrigues,,Rua Comendador António da Silva Rodrigues,3720-514,,"Oliveira de Azeméis, Santiago de Riba-Ul, Ul, Macinhata da Seixa e Madail",Oliveira de Azeméis,Aveiro,,,,Portogallo,pt,0.2025,0.5,0.405,© OpenStreetMap contributors,Open Database License,https://www.openstreetmap.org/copyright
MARES0000113,1201003443,F.T.P. MANUFACTURING S.R.L.,M2050,,,"VIA DEL CARMINE, 15",PESCIA,51017,PT,Italia,12.4363867,45.9674889,4323,,,,,,,,,,,,,,,,,,,,,,
MARES0000114,1201003443,F.T.P. MANUFACTURING S.R.L.,M2050,,,"VIA DEL CARMINE, 15",PESCIA,51017,PT,Italia,12.4363867,45.9674889,-1498,,,,,,,,,,,,,,,,,,,,,,
MARES0000115,1201001242,AUTOMODEL SRL,M2029,,,VIA MARCONI 28/5,ARESE,20020,MI,Italia,8.7130003,39.9616496,-4892,,,,,,,,,,,,,,,,,,,,,,
MARES0000116,1201003438,B.L.G. SRL UNIPERSONALE,M2030,,,"VIA ROMA, 41",VERGIATE,21029,VA,Italia,12.8704784,46.1941988,4468,,,,,,,,,,,,,,,,,,,,,,
MARES0000117,1201000666,FAIST LIGHT METALS ENGINEERING SRL,M2051,,,VIA STELLONI PONENTE 33,CALDERARA DI RENO,40012,BO,Italia,11.2455633,44.5824883,-4989,,,,,,,,,,,,,,,,,,,,,,
MARES0000118,1201003479,SANVITO & SOMASCHINI S.P.A.,M2031,,,"VIA DEL VALÀ, 21",CARATE BRIANZA,20841,MB,Italia,9.2376055,45.6586802,3751,,,,,,,,,,,,,,,,,,,,,,
MARES0000121,1201003485,PCM MECCANICA S.R.L.,CT006,,,VIA B. FRANKLIN ZONA INDUSTR. ALE),FERMIGNANO,61033,PU,Italia,12.58467,43.85686,3019,43.693452,12.658156,"Via Benjamin Franklin, 61033 Fermignano PU, Italia",,,Via Benjamin Franklin,61033,,Comune di Fermignano,Fermignano,Pesaro e Urbino,PU,Marche,MAR,Italia,it,0.2835,1,0.567,© OpenStreetMap contributors,Open Database License,https://www.openstreetmap.org/copyright
MARES0000122,1201003483,EUROMEC S.R.L.,M2032,,,"VIA RAIMONDO DALLA COSTA, 165",MODENA,41100,MO,Italia,10.966034,44.653287,-2037,,,,,,,,,,,,,,,,,,,,,,
MARES0000123,1201003483,EUROMEC S.R.L.,M2204,,,"VIA RAIMONDO DALLA COSTA, 165",MODENA,41100,MO,Italia,10.966034,44.653287,-890,,,,,,,,,,,,,,,,,,,,,,
MARES0000124,1201003487,GAMMA S.P.A.,M2033,,,"VIA PRATOBEVERA, 10",CASTELLO DI BRIANZA,23884,LC,Italia,9.2480158,45.8796269,-2088,,,,,,,,,,,,,,,,,,,,,,
MARES0000125,1201003487,GAMMA S.P.A.,M2033,,,"VIA PRATOBEVERA, 10",CASTELLO DI BRIANZA,23884,LC,Italia,9.2480158,45.8796269,175,,,,,,,,,,,,,,,,,,,,,,
MARES0000126,1201003063,M.M.S. SRL MOULDS MACHINING SERVICE,M2034,,,"VIA CASCINA CAVALLASCO, SNC",POZZO D'ADDA,20060,MI,Italia,9.50279,45.59157,-1565,45.5756656,9.5003771,"Pozzo d'Adda, LOM, Italia",,,,,,,Pozzo d'Adda,Milano,MI,Lombardia,LOM,Italia,it,0.25,1,,© OpenStreetMap contributors,Open Database License,https://www.openstreetmap.org/copyright
MARES0000127,1201000984,FORGIALLUMINIO 3 SRL,M2035,,,VIA E. FERMI 2,PEDAVENA,32034,BL,Italia,9.6852053,44.9544498,2665,,,,,,,,,,,,,,,,,,,,,,
MARES0000128,1201003503,BOAT LIFT S.R.L.,M2036,,,"VIA ALBA-NARZOLE, 19",DIANO D'ALBA,12055,CN,Italia,7.9799282,44.6546689,4149,,,,,,,,,,,,,,,,,,,,,,
MARES0000129,1201999999,FPT INDUSTRIE SPA,RV085,,Linea SINTHESYS,VIA E.FERMI 18,SANTA MARIA DI SALA,30036,VE,Italia,11.0688328,43.6490778,987,45.5044606,12.0198986,"FPT Industrie S.p.A, Via Enrico Fermi, 18, 30036 Santa Maria di Sala VE, Italia",FPT Industrie S.p.A,18,Via Enrico Fermi,30036,Zona Industriale Santa Maria di Sala,,Santa Maria di Sala,Venezia,VE,Veneto,VEN,Italia,it,1,1,1,© OpenStreetMap contributors,Open Database License,https://www.openstreetmap.org/copyright
MINT0000014,1201999999,FPT INDUSTRIE SPA,,,,VIA E.FERMI 18,SANTA MARIA DI SALA,30036,VE,Italia,11.0688328,43.6490778,1588,45.5044606,12.0198986,"FPT Industrie S.p.A, Via Enrico Fermi, 18, 30036 Santa Maria di Sala VE, Italia",FPT Industrie S.p.A,18,Via Enrico Fermi,30036,Zona Industriale Santa Maria di Sala,,Santa Maria di Sala,Venezia,VE,Veneto,VEN,Italia,it,1,1,1,© OpenStreetMap contributors,Open Database License,https://www.openstreetmap.org/copyright
MINT0000015,1201999999,FPT INDUSTRIE SPA,,,,VIA E.FERMI 18,SANTA MARIA DI SALA,30036,VE,Italia,11.0688328,43.6490778,2206,45.5044606,12.0198986,"FPT Industrie S.p.A, Via Enrico Fermi, 18, 30036 Santa Maria di Sala VE, Italia",FPT Industrie S.p.A,18,Via Enrico Fermi,30036,Zona Industriale Santa Maria di Sala,,Santa Maria di Sala,Venezia,VE,Veneto,VEN,Italia,it,1,1,1,© OpenStreetMap contributors,Open Database License,https://www.openstreetmap.org/copyright
MINT0000016,1201999999,FPT INDUSTRIE SPA,MARES,,,VIA E.FERMI 18,SANTA MARIA DI SALA,30036,VE,Italia,11.0688328,43.6490778,-1556,45.5044606,12.0198986,"FPT Industrie S.p.A, Via Enrico Fermi, 18, 30036 Santa Maria di Sala VE, Italia",FPT Industrie S.p.A,18,Via Enrico Fermi,30036,Zona Industriale Santa Maria di Sala,,Santa Maria di Sala,Venezia,VE,Veneto,VEN,Italia,it,1,1,1,© OpenStreetMap contributors,Open Database License,https://www.openstreetmap.org/copyright
MARES0000130,1201003200,AIRO S.R.L,M2004,,,"VIA DEL LAVORO, 20",ROSÀ,36027,VI,Italia,12.1483033,44.8327522,179,,,,,,,,,,,,,,,,,,,,,,
MARES0000131,1201003200,AIRO S.R.L,M2004,,,"VIA DEL LAVORO, 20",ROSÀ,36027,VI,Italia,12.1483033,44.8327522,-2316,,,,,,,,,,,,,,,,,,,,,,
MARES0000132,1201001314,OLMAS SRL FRASCARA,TM095,,,VIA GALILEO GALILEI 13,BORGORICCO,35010,PD,Italia,11.8974855,44.4218544,-2267,,,,,,,,,,,,,,,,,,,,,,
MARES0000133,1201003335,FONTANA PIETRO KALIP SAN. VE TIC. A.S. KIMYA SANAYICILERI OSB - MELEK,M2002,,,"MELEK ARAS BLV., 46, AYDINLI MAH., TUZLA",ISTANBUL,34959,,Turchia,29.39594,40.8824,2500,,,,,,,,,,,,,,,,,,,,,,
MARES0000134,1201003335,FONTANA PIETRO KALIP SAN. VE TIC. A.S. KIMYA SANAYICILERI OSB - MELEK,M2002,,,"MELEK ARAS BLV., 46, AYDINLI MAH., TUZLA",ISTANBUL,34959,,Turchia,29.39594,40.8824,-4614,,,,,,,,,,,,,,,,,,,,,,
MARES0000135,1201003335,FONTANA PIETRO KALIP SAN. VE TIC. A.S. KIMYA SANAYICILERI OSB - MELEK,M2002,,,"MELEK ARAS BLV., 46, AYDINLI MAH., TUZLA",ISTANBUL,34959,,Turchia,29.39594,40.8824,-245,,,,,,,,,,,,,,,,,,,,,,
MARES0000136,1201003335,FONTANA PIETRO KALIP SAN. VE TIC. A.S. KIMYA SANAYICILERI OSB - MELEK,M2002,,,"MELEK ARAS BLV., 46, AYDINLI MAH., TUZLA",ISTANBUL,34959,,Turchia,29.39594,40.8824,4271,,,,,,,,,,,,,,,,,,,,,,
MARES0000137,1201003344,FONTANA PIETRO S.P.A.,M2002,,,"VIALE ALCIDE DE GASPERI, 16",CALOLZIOCORTE,23801,LC,Italia,15.0585846,37.5691851,-1840,45.8013878,9.422104892306713,"Fontana Pietro S.p.A., Viale Alcide de Gasperi, 16, 23801 Calolziocorte LC, Italia",Fontana Pietro S.p.A.,16,Viale Alcide de Gasperi,23801,,,Calolziocorte,Lecco,LC,Lombardia,LOM,Italia,it,1,1,1,© OpenStreetMap contributors,Open Database License,https://www.openstreetmap.org/copyright
MARES0000138,1201001945,B.M. STAMPI SRL,M2027,,,VIA DEL COMMERCIO 15,CASTELGOMBERTO,36070,VI,Italia,11.059536,44.5495519,-1064,,,,,,,,,,,,,,,,,,,,,,
MARES0000139,1201001945,B.M. STAMPI SRL,M2027,,,VIA DEL COMMERCIO 15,CASTELGOMBERTO,36070,VI,Italia,11.059536,44.5495519,-2905,,,,,,,,,,,,,,,,,,,,,,
MARES0000140,1201003527,GALLI & SESTI S.R.L.,M2037,,,"VIA DELL'ACQUACALDA, 220",LUCCA,55100,LU,Italia,10.5214255,43.8606915,-4131,,,,,,,,,,,,,,,,,,,,,,
MARES0000141,1201003527,GALLI & SESTI S.R.L.,M2037,,,"VIA DELL'ACQUACALDA, 220",LUCCA,55100,LU,Italia,10.5214255,43.8606915,3705,,,,,,,,,,,,,,,,,,,,,,
MARES0000142,1201003513,COSTRUZIONI ARETINE S.R.L. A UNICO SOCIO,M2038,,,"VIA PRESCIANO, 12/A-14",LATERINA-PERGINE,52019,AR,Italia,12.7041005,41.6360832,563,43.454797,11.668858,"Via Presciano, 12, 52020 Comune di Pergine Valdarno Provincia di Arezzo, Italia",,12,Via Presciano,52020,,,Comune di Pergine Valdarno,Provincia di Arezzo,,Toscana,TOS,Italia,it,0.2565,0.3,0.3,© OpenAddresses contributors,BSD-3-Clause License,
MARES0000143,1201001635,FAZZINI FULVIO LAME IND. SNC DI FAZZINI A. & C.,M2039,,,VIALE DEL COMMERCIO 10,VERONA,37135,VR,Italia,10.8596768,44.7869889,-2918,,,,,,,,,,,,,,,,,,,,,,
MARES0000144,1201001635,FAZZINI FULVIO LAME IND. SNC DI FAZZINI A. & C.,M2039,,,VIALE DEL COMMERCIO 10,VERONA,37135,VR,Italia,10.8596768,44.7869889,-832,,,,,,,,,,,,,,,,,,,,,,
MARES0000145,1201001635,FAZZINI FULVIO LAME IND. SNC DI FAZZINI A. & C.,M2039,,,VIALE DEL COMMERCIO 10,VERONA,37135,VR,Italia,10.8596768,44.7869889,-598,,,,,,,,,,,,,,,,,,,,,,
MARES0000146,1201003553,LAMETRIS SRL,M2040,,,VIA A. MEUCCI 22 ZONA INDUSTR.,CADONEGHE,35010,PD,Italia,11.90337,45.47432,138,45.440431,11.926612,"Cadoneghe (Cadoneghe), VEN, Italia",,,,,,Cadoneghe,Cadoneghe,Padova,PD,Veneto,VEN,Italia,it,0,1,,Who's On First,CC0,https://www.whosonfirst.org/docs/licenses/
MARES0000147,1201002436,LAVORAZIONI MECCANICHE ARTIGIANE (L.M.A.) SRL,M2041,,,VIA MONTALBANO 180,CASENUOVE DI MASIANO,51100,PT,Italia,10.9288979,43.8257351,-3126,,,,,,,,,,,,,,,,,,,,,,
MARES0000148,1201002436,LAVORAZIONI MECCANICHE ARTIGIANE (L.M.A.) SRL,M2041,,,VIA MONTALBANO 180,CASENUOVE DI MASIANO,51100,PT,Italia,10.9288979,43.8257351,-2352,,,,,,,,,,,,,,,,,,,,,,
MARES0000149,1201003546,I.M.S.A. S.R.L.,M2042,,,"VIA DON G.DELL'ACQUA, 2/D",BARZAGO,23890,LC,Italia,9.31799,45.75283,-435,,,,,,,,,,,,,,,,,,,,,,
MARES0000150,1201003546,I.M.S.A. S.R.L.,M2042,,,"VIA DON G.DELL'ACQUA, 2/D",BARZAGO,23890,LC,Italia,9.31799,45.75283,4071,,,,,,,,,,,,,,,,,,,,,,
MARES0000151,1201002037,MODELLERIA MODENESE SRL,M2043,,,VIA DELLA TECNICA 20,MODENA,41122,MO,Italia,11.4287149,44.4694643,-2273,,,,,,,,,,,,,,,,,,,,,,
MARES0000152,1201001591,MODELLERIA MAZZARI SRL,M2044,,,VIA DELLA MECCANICA 9/11,PADOVA,35020,PD,Italia,11.6313933,43.2678289,-1328,,,,,,,,,,,,,,,,,,,,,,
MARES0000153,1201001591,MODELLERIA MAZZARI SRL,M2044,,,VIA DELLA MECCANICA 9/11,PADOVA,35020,PD,Italia,11.6313933,43.2678289,-145,,,,,,,,,,,,,,,,,,,,,,
MARES0000154,1201001591,MODELLERIA MAZZARI SRL,M2044,,,VIA DELLA MECCANICA 9/11,PADOVA,35020,PD,Italia,11.6313933,43.2678289,781,,,,,,,,,,,,,,,,,,,,,,
MARES0000155,1201003516,T.M.A. DI BOGLIARI SRL,M2045,,,Z.IND.SAN ZENO -STRADA B N.12,OLMO,52100,AR,Italia,11.82814,43.42964,1609,43.431541,11.832725,"Strada Comunale San Zeno, 19, 52100 Arezzo Provincia di Arezzo, Italia",,19,Strada Comunale San Zeno,52100,,Comune di Arezzo,Arezzo,Provincia di Arezzo,,Toscana,TOS,Italia,it,0.30541455,1,0.5103000000000001,© OpenAddresses contributors,BSD-3-Clause License,
MARES0000156,1201003552,MAGNI TELESCOPIC HANDLERS SRL,M2046,,,"VIA MAGELLANO, 22",CASTELFRANCO EMILIA,41013,MO,Italia,8.9399266,39.3859163,-1740,,,,,,,,,,,,,,,,,,,,,,
MARES0000157,1201003552,MAGNI TELESCOPIC HANDLERS SRL,M2046,,,"VIA MAGELLANO, 22",CASTELFRANCO EMILIA,41013,MO,Italia,8.9399266,39.3859163,-127,,,,,,,,,,,,,,,,,,,,,,
MARES0000158,1201003552,MAGNI TELESCOPIC HANDLERS SRL,M2046,,,"VIA MAGELLANO, 22",CASTELFRANCO EMILIA,41013,MO,Italia,8.9399266,39.3859163,2356,,,,,,,,,,,,,,,,,,,,,,
MARES0000159,1201001414,GALOSSO GIOVANNI E C. SNC,M2047,,,VIA REANO 1,RIVALTA DI TORINO,10040,TO,Italia,7.6442706,45.0633919,1723,,,,,,,,,,,,,,,,,,,,,,
MARES0000160,1201001414,GALOSSO GIOVANNI E C. SNC,M2047,,,VIA REANO 1,RIVALTA DI TORINO,10040,TO,Italia,7.6442706,45.0633919,-152,,,,,,,,,,,,,,,,,,,,,,
MARES0000161,1201003555,AGAZZI GIANCARLO S.R.L.,M2048,,,"VIA ALESSANDRO MANZONI, 9",FARA GERA D'ADDA,24045,BG,Italia,10.94346,44.5502944,-4263,,,,,,,,,,,,,,,,,,,,,,
MARES0000162,1201003555,AGAZZI GIANCARLO S.R.L.,M2048,,,"VIA ALESSANDRO MANZONI, 9",FARA GERA D'ADDA,24045,BG,Italia,10.94346,44.5502944,-4090,,,,,,,,,,,,,,,,,,,,,,
MARES0000163,1201003559,PLASTMECCANICA S.P.A.,M2049,,,"VIALE DEL LAVORO, 3",CASTELBELLINO,60030,AN,Italia,11.5169853,45.526752,3776,,,,,,,,,,,,,,,,,,,,,,
MARES0000164,1201003562,COSTRUZIONI MECCANICHE SUD SRL UNIPERSONALE,M2082,,,VIA SAN MASSIMO 26,NOLA,80035,NA,Italia,14.5192654,40.9304698,-3625,,,,,,,,,,,,,,,,,,,,,,
MARES0000165,1201003562,COSTRUZIONI MECCANICHE SUD SRL UNIPERSONALE,M2082,,,VIA SAN MASSIMO 26,NOLA,80035,NA,Italia,14.5192654,40.9304698,-971,,,,,,,,,,,,,,,,,,,,,,
MARES0000166,1201001404,P.A.M.A. SRL,M2078,,,VIA DELL'INDUSTRIA TRAV.II 38,AZZANO MELLA,25020,BS,Italia,10.10891,45.45449,1330,45.4540258,10.1087989,"Via dell'Industria, 25020 Azzano Mella BS, Italia",Via dell'Industria,,Via dell'Industria,25020,,,Azzano Mella,Brescia,BS,Lombardia,LOM,Italia,it,0.45,1,0.9,© OpenStreetMap contributors,Open Database License,https://www.openstreetmap.org/copyright
MARES0000167,1201003590,ARMANDO CIMOLAI CENTRO SERVIZI S.R.L.,M2083,,,"VIA MASIERES, 32 Z. I.",SAN QUIRINO,33080,PN,Italia,12.64791,46.03461,-81,,,,,,,,,,,,,,,,,,,,,,
MARES0000168,1201003590,ARMANDO CIMOLAI CENTRO SERVIZI S.R.L.,M2083,,,"VIA MASIERES, 32 Z. I.",SAN QUIRINO,33080,PN,Italia,12.64791,46.03461,-2017,,,,,,,,,,,,,,,,,,,,,,
MARES0000169,1201003590,ARMANDO CIMOLAI CENTRO SERVIZI S.R.L.,M2083,,,"VIA MASIERES, 32 Z. I.",SAN QUIRINO,33080,PN,Italia,12.64791,46.034611,4125,,,,,,,,,,,,,,,,,,,,,,
MARES0000170,1201003204,O.M.I. SRL OFFICINE MECCANICHE IRPINE,M2084,,,AREA IND.LE CALAGGIO,LACEDONIA,83046,AV,Italia,15.37105,41.08211,1735,41.050205,15.422724,"83046 Comune di Lacedonia (Lacedonia), Italia",,,,83046,,Comune di Lacedonia,Lacedonia,Avellino,AV,Campania,CAM,Italia,it,0.5,1,,Who's On First,CC0,https://www.whosonfirst.org/docs/licenses/
MARES0000171,1201003204,O.M.I. SRL OFFICINE MECCANICHE IRPINE,GM174,,,AREA IND.LE CALAGGIO,LACEDONIA,83046,AV,Italia,15.37105,41.08211,-2451,41.050205,15.422724,"83046 Comune di Lacedonia (Lacedonia), Italia",,,,83046,,Comune di Lacedonia,Lacedonia,Avellino,AV,Campania,CAM,Italia,it,0.5,1,,Who's On First,CC0,https://www.whosonfirst.org/docs/licenses/
MARES0000172,1201003605,DECOM SRL,M2085,,,VIA XXV LUGLIO 189,CAVA DEI TIRRENI,84013,SA,Italia,10.4975017,44.7447819,1083,,,,,,,,,,,,,,,,,,,,,,
MARES0000173,1201003605,DECOM SRL,M2085,,,VIA XXV LUGLIO 189,CAVA DEI TIRRENI,84013,SA,Italia,10.4975017,44.7447819,1474,,,,,,,,,,,,,,,,,,,,,,
MARES0000174,1201003606,PIETRO RIMOLDI & C. S.R.L.,M2086,,,"VIA GERENZANO, 44",CASTELLANZA,21053,VA,Italia,8.9129817,45.6125999,-3235,,,,,,,,,,,,,,,,,,,,,,
MARES0000175,1201003606,PIETRO RIMOLDI & C. S.R.L.,M2086,,,"VIA GERENZANO, 44",CASTELLANZA,21053,VA,Italia,8.9129817,45.6125999,-2026,,,,,,,,,,,,,,,,,,,,,,
MARES0000176,1201003606,PIETRO RIMOLDI & C. S.R.L.,M2086,,,"VIA GERENZANO, 44",CASTELLANZA,21053,VA,Italia,8.9129817,45.6125999,-1555,,,,,,,,,,,,,,,,,,,,,,
MARES0000177,1201003606,PIETRO RIMOLDI & C. S.R.L.,M2086,,,"VIA GERENZANO, 44",CASTELLANZA,21053,VA,Italia,8.9129817,45.6125999,-3447,,,,,,,,,,,,,,,,,,,,,,
MARES0000178,1201003606,PIETRO RIMOLDI & C. S.R.L.,M2086,,,"VIA GERENZANO, 44",CASTELLANZA,21053,VA,Italia,8.9129817,45.6125999,200,,,,,,,,,,,,,,,,,,,,,,
MARES0000179,1201003560,MONTEMEZZO GINO S.R.L.,M2087,,,"VIA DISCIPLINA, 2/3",SAN MARTINO BUON ALBERGO,37036,VR,Italia,10.317451,45.5165803,4118,,,,,,,,,,,,,,,,,,,,,,
MARES0000180,1201003560,MONTEMEZZO GINO S.R.L.,M2087,,,"VIA DISCIPLINA, 2/3",SAN MARTINO BUON ALBERGO,37036,VR,Italia,10.317451,45.5165803,-3952,,,,,,,,,,,,,,,,,,,,,,
MARES0000181,1201003614,F.S.T. SRL,M2088,,,"VIA MALIGNANI, 20",FIUME VENETO,33080,PN,Italia,13.2262282,46.069907,3304,,,,,,,,,,,,,,,,,,,,,,
MARES0000182,1201003614,F.S.T. SRL,M2088,,,"VIA MALIGNANI, 20",FIUME VENETO,33080,PN,Italia,13.2262282,46.069907,-1647,,,,,,,,,,,,,,,,,,,,,,
MARES0000183,1201002475,AUTOMOBILI LAMBORGHINI SPA,M2090,,,VIA MODENA 12,SANT'AGATA BOLOGNESE,40019,BO,Italia,12.2324561,44.6652278,765,,,,,,,,,,,,,,,,,,,,,,
MARES0000184,1201002475,AUTOMOBILI LAMBORGHINI SPA,M2090,,,VIA MODENA 12,SANT'AGATA BOLOGNESE,40019,BO,Italia,12.2324561,44.6652278,844,,,,,,,,,,,,,,,,,,,,,,
MARES0000185,1201002475,AUTOMOBILI LAMBORGHINI SPA,M2090,,,VIA MODENA 12,SANT'AGATA BOLOGNESE,40019,BO,Italia,12.2324561,44.6652278,-635,,,,,,,,,,,,,,,,,,,,,,
MARES0000186,1201002475,AUTOMOBILI LAMBORGHINI SPA,M2090,,,VIA MODENA 12,SANT'AGATA BOLOGNESE,40019,BO,Italia,12.2324561,44.6652278,-1065,,,,,,,,,,,,,,,,,,,,,,
MARES0000187,1201002475,AUTOMOBILI LAMBORGHINI SPA,M2090,,,VIA MODENA 12,SANT'AGATA BOLOGNESE,40019,BO,Italia,12.2324561,44.6652278,4964,,,,,,,,,,,,,,,,,,,,,,
MARES0000188,1201002475,AUTOMOBILI LAMBORGHINI SPA,M2090,,,VIA MODENA 12,SANT'AGATA BOLOGNESE,40019,BO,Italia,12.2324561,44.6652278,1197,,,,,,,,,,,,,,,,,,,,,,
MARES0000189,1201002475,AUTOMOBILI LAMBORGHINI SPA,M2122,,,VIA MODENA 12,SANT'AGATA BOLOGNESE,40019,BO,Italia,12.2324561,44.6652278,-3323,,,,,,,,,,,,,,,,,,,,,,
MARES0000190,1201002475,AUTOMOBILI LAMBORGHINI SPA,M2139,,,VIA MODENA 12,SANT'AGATA BOLOGNESE,40019,BO,Italia,12.2324561,44.6652278,932,,,,,,,,,,,,,,,,,,,,,,
MARES0000191,1201003590,ARMANDO CIMOLAI CENTRO SERVIZI S.R.L.,M2110,,,"VIA MASIERES, 32 Z. I.",SAN QUIRINO,33080,PN,Italia,12.64789,46.03456,2021,,,,,,,,,,,,,,,,,,,,,,
MARES0000192,1201002084,SGM TOOLS SRL SERVICE GENERAL MACHINE TOOLS,M2089,,,"VIA GIUSEPPE DI VITTORIO, 34",BRESCIA,25125,BS,Italia,12.4355725,44.007162,3954,,,,,,,,,,,,,,,,,,,,,,
MARES0000193,1201002084,SGM TOOLS SRL SERVICE GENERAL MACHINE TOOLS,M2089,,,"VIA GIUSEPPE DI VITTORIO, 34",BRESCIA,25125,BS,Italia,12.4355725,44.007162,221,,,,,,,,,,,,,,,,,,,,,,
MARES0000194,1201003648,EUROMET SRL,M2091,,,STR.VICINALE D. CONFORTINA 18C,VOLONGO,26030,CR,Italia,10.33045,45.31336,110,,,,,,,,,,,,,,,,,,,,,,
MARES0000195,1201002993,CRAVANZOLA & VEGLIO SRL,M2092,,,"LOCALITÀ GALLINOTTO, 130",LA MORRA,12064,CN,Italia,7.97449,44.68582,4630,44.6384797,7.9325818,"12064 La Morra, Italia",,,,12064,,,La Morra,Cuneo,CN,Piemonte,PIE,Italia,it,0.25,1,,© OpenStreetMap contributors,Open Database License,https://www.openstreetmap.org/copyright
MARES0000196,1201003165,C.M.C. S.R.L.,M2093,,,SS. 31/BIS CASALE-TORINO KM.5,CONIOLO,15030,AL,Italia,8.37369,45.25624,966,45.1468515,8.371519,"Coniolo, PIE, Italia",,,,,,,Coniolo,Alessandria,AL,Piemonte,PIE,Italia,it,0.25,1,,© OpenStreetMap contributors,Open Database License,https://www.openstreetmap.org/copyright
MARES0000197,1201003165,C.M.C. S.R.L.,VM152,,,SS. 31/BIS CASALE-TORINO KM.5,CONIOLO,15030,AL,Italia,8.37369,45.25624,1280,45.1468515,8.371519,"Coniolo, PIE, Italia",,,,,,,Coniolo,Alessandria,AL,Piemonte,PIE,Italia,it,0.25,1,,© OpenStreetMap contributors,Open Database License,https://www.openstreetmap.org/copyright
MARES0000198,1201003165,C.M.C. S.R.L.,VM122,,,SS. 31/BIS CASALE-TORINO KM.5,CONIOLO,15030,AL,Italia,8.37369,45.25624,1093,45.1468515,8.371519,"Coniolo, PIE, Italia",,,,,,,Coniolo,Alessandria,AL,Piemonte,PIE,Italia,it,0.25,1,,© OpenStreetMap contributors,Open Database License,https://www.openstreetmap.org/copyright
MARES0000199,1201003655,O.M.D. SRL,M2094,,,VIA VILLARI 13,BARONISSI,84081,SA,Italia,15.3738415,41.6936381,2475,,,,,,,,,,,,,,,,,,,,,,
MARES0000200,1201003655,O.M.D. SRL,M2094,,,VIA VILLARI 13,BARONISSI,84081,SA,Italia,15.3738415,41.6936381,4211,,,,,,,,,,,,,,,,,,,,,,
MARES0000201,1201001744,CASAGRANDE INGRANAGGI SRL,M2105,,,VIA G. D'ANNUNZIO 3,CARDANO AL CAMPO,21010,VA,Italia,14.0553171,42.4042536,-4171,,,,,,,,,,,,,,,,,,,,,,
MARES0000202,1201003680,A.M.A. ENGINEERING SRL,M2106,,,"VIA PIANO SELVA, S.C.",MALTIGNANO,63085,AP,Italia,13.68858,42.83839,4583,42.82963,13.690664,"Via Piano Selva, 5, 63085 Caselle AP, Italia",,5,Via Piano Selva,63085,,,Caselle,Ascoli Piceno,AP,Marche,MAR,Italia,it,0.81,1,0.9,© OpenAddresses contributors,BSD-3-Clause License,
MARES0000203,1201003677,CENGIA SNC DI CENGIA A.R.G.,M2107,,,VIA RENATA BIANCHI 77 B /3-79,GENOVA,16152,GE,Italia,8.88311,44.42091,1510,,,,,,,,,,,,,,,,,,,,,,
MARES0000204,1201003677,CENGIA SNC DI CENGIA A.R.G.,M2107,,,VIA RENATA BIANCHI 77 B /3-79,GENOVA,16152,GE,Italia,8.88311,44.42091,-4741,,,,,,,,,,,,,,,,,,,,,,
MARES0000205,1201003668,MERRILL TECHNOLOGIES GROUP,M2108,,,21659 W. GRATIOT RD.,MERRIL,48637,MI,Stati Uniti d'America,-84.815447,43.466235,2064,43.372549551304346,-84.3229777452174,"Lakefield Township, MI 48637, Stati Uniti d'America",Lakefield Township,,,48637,,,Lakefield Township,Saginaw County,,Michigan,MI,Stati Uniti d'America,us,0.25,1,,© OpenStreetMap contributors,Open Database License,https://www.openstreetmap.org/copyright
MARES0000206,1201003699,E.T. S.R.L. ENGINEERING & TECHNOLOGY,M2112,,,"VIA TOSCANA, 52 LOC.PERIGNANO",CASCIANA TERME LARI,56035,PI,Italia,10.61014,43.61629,2113,,,,,,,,,,,,,,,,,,,,,,
MARES0000207,1201003699,E.T. S.R.L. ENGINEERING & TECHNOLOGY,M2112,,,"VIA TOSCANA, 52 LOC.PERIGNANO",CASCIANA TERME LARI,56035,PI,Italia,10.61014,43.61629,3341,,,,,,,,,,,,,,,,,,,,,,
MARES0000208,1201003699,E.T. S.R.L. ENGINEERING & TECHNOLOGY,M2112,,,"VIA TOSCANA, 52 LOC.PERIGNANO",CASCIANA TERME LARI,56035,PI,Italia,10.610164,43.61629,-1580,,,,,,,,,,,,,,,,,,,,,,
MARES0000209,1201003717,CSP MOULD S.R.L.,M2114,,,"VIA TRENTO E TRIESTE, 120",BIASSONO,20853,MB,Italia,9.2602197,45.6292562,-4164,,,,,,,,,,,,,,,,,,,,,,
MARES0000210,1201003717,CSP MOULD S.R.L.,DX020,,,"VIA TRENTO E TRIESTE, 120",BIASSONO,20853,MB,Italia,9.2602197,45.6292562,4004,,,,,,,,,,,,,,,,,,,,,,
MARES0000211,1201003717,CSP MOULD S.R.L.,M2114,,,"VIA TRENTO E TRIESTE, 120",BIASSONO,20853,MB,Italia,9.2602197,45.6292562,-2822,,,,,,,,,,,,,,,,,,,,,,
MARES0000212,1201003650,BRUNO FOLCIERI SRL,M2116,,,"VIA SOPRACOMUNE, 1",VOLONGO,26030,CR,Italia,10.3069483,45.2148107,-3728,,,,,,,,,,,,,,,,,,,,,,
MARES0000213,1201003733,T.M.P. SAS DI MAURO E DIEGO PIROVANO & C,M2117,,,"VIA F.LLI CERVI, 3",GERNO DI LESMO,20855,MB,Italia,12.4451427,44.1656487,25,45.812103,13.216994,"Pitta & C, 33058 San Giorgio di Nogaro Udine, Italia",,,Pitta & C,33058,,Comune di San Giorgio di Nogaro,San Giorgio di Nogaro,Udine,UD,Friuli-Venezia Giulia,,Italia,it,0.038461538461538464,0.3076923076923077,0.038461538461538464,© OpenStreetMap contributors,Open Database License,https://www.openstreetmap.org/copyright
MARES0000214,1201003731,SILMET S.R.L.,M2118,,,"VIA CARMAGNOLA, 14",CASALGRASSO,12030,CN,Italia,7.6313147,44.8235577,1763,,,,,,,,,,,,,,,,,,,,,,
MARES0000215,1201003731,SILMET S.R.L.,VM158,,,"VIA CARMAGNOLA, 14",CASALGRASSO,12030,CN,Italia,7.6313147,44.8235577,231,,,,,,,,,,,,,,,,,,,,,,
MARES0000216,1201003735,SALICO S.P.A.,VM159,,,"VIA LOMBARDIA, 10",MOLTENO,23847,LC,Italia,12.3683536,44.2428708,811,45.78038,9.307444,"23847 Molteno, Italia",,,,23847,,,Molteno,Lecco,LC,Lombardia,LOM,Italia,it,0.25,1,,© OpenStreetMap contributors,Open Database License,https://www.openstreetmap.org/copyright
MARES0000217,1201003734,GEM ENDUSTRI A.S.,M2120,,,ORGANIZE SANAYI BÖLGESI 13. CADDE NO: 14,ESKISEHIR,26070,,Turchia,28.66528,40.9964586,-2527,,,,,,,,,,,,,,,,,,,,,,
MARES0000218,1201003670,RT-FORMTEC GMBH,M2121,,,MAX-PLANCK STRAßE 25,VILLINGEN,78052,,Germania,6.8453932,50.6081327,3930,,,,,,,,,,,,,,,,,,,,,,
MARES0000219,1201003740,INEVO SRL,M2129,,,"VIA PIAVE, 4",SAN POLO DI PIAVE,31020,TV,Italia,8.8233224,45.7774423,-2809,,,,,,,,,,,,,,,,,,,,,,
MARES0000220,1201003745,JIANGSU LUOKAI ELECTRICAL AND MECHANICAL,M2124,,,"NO.101, YONG'ANLI RD, LUOYANG NG TOWN,WUJIN DISTRICT",4 CHANGZHOU CITY,21310,,Cina,,,4433,31.773126,119.947219,"Changzhou, Jiangsu, Cina",,,,,,,Changzhou,Changzhou,,Jiangsu,,Cina,cn,0.2025,0.81,,Who's On First,CC0,https://www.whosonfirst.org/docs/licenses/
MARES0000221,1201003745,JIANGSU LUOKAI ELECTRICAL AND MECHANICAL,M2125,,,"NO.101, YONG'ANLI RD, LUOYANG NG TOWN,WUJIN DISTRICT",4 CHANGZHOU CITY,21310,,Cina,,,4925,31.773126,119.947219,"Changzhou, Jiangsu, Cina",,,,,,,Changzhou,Changzhou,,Jiangsu,,Cina,cn,0.2025,0.81,,Who's On First,CC0,https://www.whosonfirst.org/docs/licenses/
MARES0000222,1201003728,RAMINA SRL,M2127,,,"VIA REGINA ELENA, 49",GRANTORTO,35010,PD,Italia,15.0911518,37.2506866,-1562,,,,,,,,,,,,,,,,,,,,,,
MARES0000223,1201003728,RAMINA SRL,DX144,,,"VIA REGINA ELENA, 49",GRANTORTO,35010,PD,Italia,15.0911518,37.2506866,2898,,,,,,,,,,,,,,,,,,,,,,
MARES0000224,1201003728,RAMINA SRL,M2127,,,"VIA REGINA ELENA, 49",GRANTORTO,35010,PD,Italia,15.0911518,37.2506866,-131,,,,,,,,,,,,,,,,,,,,,,
MARES0000225,1201003728,RAMINA SRL,M2127,,,"VIA REGINA ELENA, 49",GRANTORTO,35010,PD,Italia,15.0911518,37.2506866,4058,,,,,,,,,,,,,,,,,,,,,,
MARES0000226,1201001943,GAROFOLI SPA,M2128,,,STRADA DI PANTANO 13/15,TERNI,5100,TR,Italia,12.595509,42.5471187,2102,,,,,,,,,,,,,,,,,,,,,,
MARES0000227,1201001943,GAROFOLI SPA,M2128,,,STRADA DI PANTANO 13/15,TERNI,5100,TR,Italia,12.595509,42.5471187,2757,,,,,,,,,,,,,,,,,,,,,,
MARES0000228,1201001943,GAROFOLI SPA,M2128,,,STRADA DI PANTANO 13/15,TERNI,5100,TR,Italia,12.595509,42.5471187,-2707,,,,,,,,,,,,,,,,,,,,,,
MARES0000229,1201003747,VOLVO CAR CORPORATION,M2130,,,BRUKSGATAN 1,OLOFSTRÖM,293 38,,Svezia,17.4208056,60.5453035,774,,,,,,,,,,,,,,,,,,,,,,
MARES0000230,1201001384,NUOVA OMG SRL CON SOCIO UNICO,M2131,,,VIA DELLA BURCHIELLA 19,RAVENNA,48122,RA,Italia,12.253489,44.4495367,1460,,,,,,,,,,,,,,,,,,,,,,
MARES0000231,1201002414,C.S.D. SRL,M2136,,,VIA SOMMARIVA 39/6,CARMAGNOLA,10022,TO,Italia,7.7537671,44.8192972,-2776,,,,,,,,,,,,,,,,,,,,,,
MARES0000232,1201003561,WARCOM S.R.L.,M2137,,,VIA E. FERMI N.3,ADRO,25030,BS,Italia,9.8828542,44.1666142,-2161,,,,,,,,,,,,,,,,,,,,,,
MARES0000233,1201003561,WARCOM S.R.L.,M2219,,,VIA E. FERMI N.3,ADRO,25030,BS,Italia,9.8828542,44.1666142,1325,,,,,,,,,,,,,,,,,,,,,,
MARES0000234,1201000945,EXACTA STAMPI SRL,M2151,,,VIA SABBIONETTE 8,VERANO BRIANZA,20843,MB,Italia,9.2139071,45.6782468,-2721,,,,,,,,,,,,,,,,,,,,,,
MARES0000235,1201003807,CML INTERNATIONAL S.P.A.,M2154,,,"VIA PANTANELLE, LOC.ANNUNZIATA",PIEDIMONTE SAN GERMANO,3030,FR,Italia,13.7432,41.47899,4358,41.498319,13.752311,"Piedimonte San Germano, LAZ, Italia",,,,,,,Piedimonte San Germano,Frosinone,FR,Lazio,LAZ,Italia,it,0.25,1,,© OpenStreetMap contributors,Open Database License,https://www.openstreetmap.org/copyright
MARES0000236,1201003815,F.LLI BERTONI COSTRUZIONI GENERALI SRL,M2155,,,VIA MONTE SAGRO S.N.,ARCOLA,19021,SP,Italia,9.92197,44.11929,3400,44.109878,9.908736,"Via Monte, 19021 Comune di Arcola SP, Italia",,,Via Monte,19021,,,Comune di Arcola,La Spezia,SP,Liguria,LIG,Italia,it,0.2700000000000001,0.81,0.5400000000000001,© OpenStreetMap contributors,Open Database License,https://www.openstreetmap.org/copyright
MARES0000237,1201003834,SAMA S.R.L.,M2156,,,"VIA ITALO CALVINO, 4",MONTICHIARI,25018,BS,Italia,8.412454,40.8351592,-399,,,,,,,,,,,,,,,,,,,,,,
MARES0000238,1201000092,RACING BULLS S.P.A.,M2157,,,VIA BOARIA 229,FAENZA,48018,RA,Italia,11.8643328,44.3078834,-3530,,,,,,,,,,,,,,,,,,,,,,
MARES0000239,1201000092,RACING BULLS S.P.A.,M2177,,,VIA BOARIA 229,FAENZA,48018,RA,Italia,11.8643328,44.3078834,-3341,,,,,,,,,,,,,,,,,,,,,,
MARES0000240,1201002475,AUTOMOBILI LAMBORGHINI SPA,M2160,,,VIA MODENA 12,SANT'AGATA BOLOGNESE,40019,BO,Italia,12.7291942,43.9669877,262,,,,,,,,,,,,,,,,,,,,,,
MARES0000241,1201003842,BISSON IMPIANTI INDUSTRIALI SRL,M2165,,,"VIA SANT'ANNA, 3",TEZZE SUL BRENTA,36056,VI,Italia,12.0346297,44.2227929,4443,,,,,,,,,,,,,,,,,,,,,,
MARES0000242,1201003854,FALUOMI S.R.L.,M2168,,,"VIA DEI FIORDALISI, 15",MAGIONE,6063,PG,Italia,9.2779353,39.2446585,3096,43.1317899,12.2023644,"Faluomi s.r.l., Via dei Fiordalisi, 15, 06063 Magione PG, Italia",Faluomi s.r.l.,15,Via dei Fiordalisi,06063,,,Magione,Perugia,PG,Umbria,UMB,Italia,it,1,1,1,© OpenStreetMap contributors,Open Database License,https://www.openstreetmap.org/copyright
MARES0000243,1201002296,DONATI 2000 SRL,M2178,,,"VIA XXV APRILE, 25",TREVI,6039,PG,Italia,8.1171981,45.507089,1385,,,,,,,,,,,,,,,,,,,,,,
MARES0000244,1201003699,E.T. S.R.L. ENGINEERING & TECHNOLOGY,M2179,,,"VIA TOSCANA, 52 LOC.PERIGNANO",CASCIANA TERME LARI,56035,PI,Italia,10.61021,43.61633,303,,,,,,,,,,,,,,,,,,,,,,
MARES0000245,1201003552,MAGNI TELESCOPIC HANDLERS SRL,M2162,,,"VIA MAGELLANO, 22",CASTELFRANCO EMILIA,41013,MO,Italia,11.2321366,43.7976969,985,,,,,,,,,,,,,,,,,,,,,,
MARES0000246,1201003876,MARELLI AUTOMOTIVE LIGHTING ITALY S.P.A.,M2174,,,"VIA CAVALLO, 18",VENARIA REALE,10078,TO,Italia,10.6565399,44.9118139,195,,,,,,,,,,,,,,,,,,,,,,
MARES0000247,1201003876,MARELLI AUTOMOTIVE LIGHTING ITALY S.P.A.,M2174,,,"VIA CAVALLO, 18",VENARIA REALE,10078,TO,Italia,10.6565399,44.9118139,3748,,,,,,,,,,,,,,,,,,,,,,
MARES0000248,1201003934,AIM SRL,M2025,,,"VIA DANTE ALIGHIERI, 67",CASTEL ROZZONE,24040,BG,Italia,11.945112,36.8298359,-1394,,,,,,,,,,,,,,,,,,,,,,
MARES0000249,1201003934,AIM SRL,M2025,,,"VIA DANTE ALIGHIERI, 67",CASTEL ROZZONE,24040,BG,Italia,11.945112,36.8298359,3802,,,,,,,,,,,,,,,,,,,,,,
MARES0000250,1201003934,AIM SRL,M2025,,,"VIA DANTE ALIGHIERI, 67",CASTEL ROZZONE,24040,BG,Italia,11.945112,36.8298359,4720,,,,,,,,,,,,,,,,,,,,,,
MARES0000251,1201003934,AIM SRL,M2025,,,"VIA DANTE ALIGHIERI, 67",CASTEL ROZZONE,24040,BG,Italia,11.945112,36.8298359,2387,,,,,,,,,,,,,,,,,,,,,,
MARES0000252,1201000986,KARL MAYER ROTAL SRL,M2166,,,VIA TRENTO 136,MEZZOLOMBARDO,38017,TN,Italia,11.3233932,45.524471,4765,,,,,,,,,,,,,,,,,,,,,,
MARES0000253,1201000986,KARL MAYER ROTAL SRL,M2201,,,VIA TRENTO 136,MEZZOLOMBARDO,38017,TN,Italia,11.3233932,45.524471,-2036,,,,,,,,,,,,,,,,,,,,,,
MARES0000254,1201003816,TECNOVE S.P.A,M2205,,,"STRADA PROVINCIALE NORD, 15/17",NOVELLARA,42017,RE,Italia,10.7459164,44.8460296,-3700,,,,,,,,,,,,,,,,,,,,,,
MARES0000255,1201003816,TECNOVE S.P.A,M2217,,,"STRADA PROVINCIALE NORD, 15/17",NOVELLARA,42017,RE,Italia,10.7459164,44.8460296,4896,,,,,,,,,,,,,,,,,,,,,,
MARES0000256,1201003053,O.M.G. S.R.L. OFFICINE MECCANICHE GALLETTI,M2171,,,"VIA BRENTA, 18",PONTE VALLECEPPI,6135,PG,Italia,11.063346,44.5922847,2529,,,,,,,,,,,,,,,,,,,,,,
MARES0000267,1201001462,COSTRUZIONI STAMPI ATTREZZATURE S.P.A.,M2224,,,VIA DEL MARE 19,PIOBESI TORINESE,10040,TO,Italia,9.1908735,41.2438583,-3463,,,,,,,,,,,,,,,,,,,,,,
MARES0000257,1201002475,AUTOMOBILI LAMBORGHINI SPA,M2203,,,VIA MODENA 12,SANT'AGATA BOLOGNESE,40019,BO,Italia,12.7291942,43.9669877,-900,,,,,,,,,,,,,,,,,,,,,,
MARES0000258,1201003875,BRIANO MECCANICA DEI F.LLI BRIANO SRL,TM130,,,"VIA BRIGATE PARTIGIANE, 25/4",CAIRO MONTENOTTE,17014,SV,Italia,7.659965,45.3842331,-3308,44.3578903,8.2914725,"Via Brigate Partigiane, 17010 Carcare SV, Italia",Via Brigate Partigiane,,Via Brigate Partigiane,17010,,,Carcare,Savona,SV,Liguria,LIG,Italia,it,0.15,0.3,0.3,© OpenStreetMap contributors,Open Database License,https://www.openstreetmap.org/copyright
MARES0000259,1201002747,COMBA GROUP S.P.A,M2163,,,"VIA M. D'ANTONA ,4",PASTA DI RIVALTA,10040,TO,Italia,12.4723492,44.1309466,-3209,37.23401,14.513972,"Via D'antona, 4, Caltagirone CT, Italia",,4,Via D'antona,,,Comune di Caltagirone,Caltagirone,Catania,CT,Sicilia,SIC,Italia,it,0.32142857142857145,0.35714285714285715,0.35714285714285715,© OpenAddresses contributors,BSD-3-Clause License,
MARES0000260,1201003852,GABELLA MACCHINE S.P.A.,M2164,,,"VIA MONTE ORFANO, 12",CREVACUORE,13864,BI,Italia,8.2374135,45.6842325,-1505,,,,,,,,,,,,,,,,,,,,,,
MARES0000261,1201003831,DE IULIIS CARLO & ALFONSO S.P.A.,M2210,,,"VIA XXV LUGLIO, 116",CAVA DE' TIRRENI,84013,SA,Italia,14.7046128,40.7102727,-3649,,,,,,,,,,,,,,,,,,,,,,
MARES0000262,1201001857,LUNA QUINTO SPA,M2220,,,VIA JESI 149,OSIMO,60027,AN,Italia,13.419073,43.4825756,-3595,,,,,,,,,,,,,,,,,,,,,,
MARES0000263,1201003609,GUDEMA TECNOLOGIE SRL,M2214,,,VIA STATALE LUCCHESE 21,SERRAVALLE PISTOIESE,51034,PT,Italia,10.85989,43.91142,2956,43.908674,10.851285,"Via Lucchese, 19/21, 51030 Stazione Masotti PT, Italia",,19/21,Via Lucchese,51030,,Comune di Serravalle Pistoiese,Stazione Masotti,Pistoia,PT,Toscana,TOS,Italia,it,0.5103,0.81,0.81,© OpenAddresses contributors,BSD-3-Clause License,
MARES0000264,1201003885,F.A.M. SRL,M2221,,,"VIA VALLI DI CARNIA, 7/B",AMARO,33020,UD,Italia,13.08517,46.52607,3070,,,,,,,,,,,,,,,,,,,,,,
MARES0000265,1201003380,KESTERMANN GMBH & CO.KG,M2176,,,SPATZENWEG 11,EMSDETTEN,48282,,Germania,14.8325037,46.8300922,-3213,52.165926,7.5026568,"Kestermann GmbH & Co. KG, Spatzenweg 11, 48282 Emsdetten, Germania",Kestermann GmbH & Co. KG,11,Spatzenweg,48282,Gewerbegebiet West-Süd Emsdetten,,Emsdetten,Kreis Steinfurt,,Renania Settentrionale-Vestfalia,,Germania,de,1,1,1,© OpenStreetMap contributors,Open Database License,https://www.openstreetmap.org/copyright
MARES0000268,1201003832,OMSC S.R.L.,M2207,,,VIALE DEL COMMERCIO 8/10,LEGNAGO,37045,VR,Italia,11.262839,45.1817762,-1440,,,,,,,,,,,,,,,,,,,,,,
MARES0000269,1201003832,OMSC S.R.L.,M2206,,,VIALE DEL COMMERCIO 8/10,LEGNAGO,37045,VR,Italia,11.262839,45.1817762,-863,,,,,,,,,,,,,,,,,,,,,,
MARES0000270,1201001904,TP OFFICINE MECCANICHE SRL,CT023,,,VIA ORTI 1,MILANO,20122,MI,Italia,10.0464764,45.7093895,986,,,,,,,,,,,,,,,,,,,,,,
MARES0000271,1201003773,ARTIGIANA STAMPI S.R.L.,M2144,,,"VIA ARTIGIANALE, 73",MANERBIO,25025,BS,Italia,10.1285315,45.358021,-2617,45.3581086,10.1287108,"Artigiana Stampi S.r.l., Via Artigianale, 73, 25125 Manerbio BS, Italia",Artigiana Stampi S.r.l.,73,Via Artigianale,25125,,Comune di Manerbio,Manerbio,Brescia,BS,Lombardia,LOM,Italia,it,1,1,1,© OpenStreetMap contributors,Open Database License,https://www.openstreetmap.org/copyright
MARES0000272,1201003986,MOULDS PRO-TEC SRL,M2213,,,"VIALE FRANCIA, 4",PONTE SAN NICOLO',35020,PD,Italia,9.4299372,45.4961654,3203,,,,,,,,,,,,,,,,,,,,,,
MARES0000273,1201004027,S&S S.R.L.,M2031,,,"VIA MONTELLO, 1",SEREGNO,20831,MB,Italia,17.9288928,40.6314338,175,,,,,,,,,,,,,,,,,,,,,,
MARES0000274,1201003051,CIOETTO CLAUDIO LAVORAZIONI MECCANICHE A,M2223,,,"VIALE VERONA, 4",ROVEREDO DI GUA',37040,VR,Italia,13.1409698,45.6905471,1814,45.2737512,11.4449884,"37040 Roveredo di Guà, Italia",,,,37040,,,Roveredo di Guà,Verona,VR,Veneto,VEN,Italia,it,0.25,1,,© OpenStreetMap contributors,Open Database License,https://www.openstreetmap.org/copyright
L93695048,1201004035,HI TECH MOLD CAROLINA,3595,,Obsoleta,1000 INNOVATION WAY,WESTMINSTER SC,29693,,Stati Uniti d'America,-83.16507094,4.26399E+13,4585,,,,,,,,,,,,,,,,,,,,,,
PM4099007,1201004034,LK-SEZ ENDÜSTRYEL OTOMASYON MAKNA SAN TC LTD T.,PM007,,Linea PRAGMA_M,GÖRÜKLE SANAY BÖLGES. TRUVA CAD. NO:10 NLÜFER,BURSA,,,Turchia,11.95400273,47.97800752,-2723,,,,,,,,,,,,,,,,,,,,,,
LM0600060,1201004018,OMPC SRL,LM061,,Linea SIRIO_M,VIA CASTELLETTO TICINO 119/A,BORGO TICINO,28040,NO,Italia,12.47990054,45.75052258,3657,45.6892685,8.60183,"Borgo Ticino, PIE, Italia",,,,,,,Borgo Ticino,Novara,NO,Piemonte,PIE,Italia,it,0.25,1,,© OpenStreetMap contributors,Open Database License,https://www.openstreetmap.org/copyright
L93702163,1201004033,CELMAC SRL,LB106,,Linea LEM_93,"STRADA DELLA BEFFA, 40",FRAZ.MASIO POIRINO,10046,TO,Italia,7.626242741,44.92751451,-4098,45.098932,7.735367,"Strada Della Verna, 40, 10156 San Mauro Torinese Torino, Italia",,40,Strada Della Verna,10156,Parco,Torino,San Mauro Torinese,Torino,TO,Piemonte,PIE,Italia,it,0.108,0.3,0.12,© OpenAddresses contributors,BSD-3-Clause License,
LM0603128,1201004033,CELMAC SRL,LM129,,Linea SIRIO_M,"STRADA DELLA BEFFA, 40",FRAZ.MASIO POIRINO,10046,TO,Italia,7.626242741,44.92751451,-4969,45.098932,7.735367,"Strada Della Verna, 40, 10156 San Mauro Torinese Torino, Italia",,40,Strada Della Verna,10156,Parco,Torino,San Mauro Torinese,Torino,TO,Piemonte,PIE,Italia,it,0.108,0.3,0.12,© OpenAddresses contributors,BSD-3-Clause License,
L93700130,1201004033,CELMAC SRL,LB072,,Linea LEM_93,"STRADA DELLA BEFFA, 40",FRAZ.MASIO POIRINO,10046,TO,Italia,7.626242741,44.92751451,2821,45.098932,7.735367,"Strada Della Verna, 40, 10156 San Mauro Torinese Torino, Italia",,40,Strada Della Verna,10156,Parco,Torino,San Mauro Torinese,Torino,TO,Piemonte,PIE,Italia,it,0.108,0.3,0.12,© OpenAddresses contributors,BSD-3-Clause License,
L93602154,1201004033,CELMAC SRL,LB097,,Linea LEM_93,"STRADA DELLA BEFFA, 40",FRAZ.MASIO POIRINO,10046,TO,Italia,7.626242741,44.92751451,972,45.098932,7.735367,"Strada Della Verna, 40, 10156 San Mauro Torinese Torino, Italia",,40,Strada Della Verna,10156,Parco,Torino,San Mauro Torinese,Torino,TO,Piemonte,PIE,Italia,it,0.108,0.3,0.12,© OpenAddresses contributors,BSD-3-Clause License,
L93500137,1201004033,CELMAC SRL,LB077,,Linea LEM_93,"STRADA DELLA BEFFA, 40",FRAZ.MASIO POIRINO,10046,TO,Italia,7.626242741,44.92751451,-3354,45.098932,7.735367,"Strada Della Verna, 40, 10156 San Mauro Torinese Torino, Italia",,40,Strada Della Verna,10156,Parco,Torino,San Mauro Torinese,Torino,TO,Piemonte,PIE,Italia,it,0.108,0.3,0.12,© OpenAddresses contributors,BSD-3-Clause License,
GM0808038,1201004033,CELMAC SRL,GM038,,,"STRADA DELLA BEFFA, 40",FRAZ.MASIO POIRINO,10046,TO,Italia,7.626242741,44.92751451,3328,45.098932,7.735367,"Strada Della Verna, 40, 10156 San Mauro Torinese Torino, Italia",,40,Strada Della Verna,10156,Parco,Torino,San Mauro Torinese,Torino,TO,Piemonte,PIE,Italia,it,0.108,0.3,0.12,© OpenAddresses contributors,BSD-3-Clause License,
GM0621229,1201004033,CELMAC SRL,GM229,,,"STRADA DELLA BEFFA, 40",FRAZ.MASIO POIRINO,10046,TO,Italia,7.626242741,44.92751451,-4172,44.880825599999994,7.845597186807703,"Agriturismo La Longa, 10046 Poirino, Italia",Agriturismo La Longa,,,10046,Agriturismo La Longa,,Poirino,Torino,TO,Piemonte,PIE,Italia,it,0.08333333333333334,1,,© OpenStreetMap contributors,Open Database License,https://www.openstreetmap.org/copyright
DM0715090,1201004033,CELMAC SRL,DM090,,,"STRADA DELLA BEFFA, 40",FRAZ.MASIO POIRINO,10046,TO,Italia,7.626242741,44.92751451,-1343,45.098932,7.735367,"Strada Della Verna, 40, 10156 San Mauro Torinese Torino, Italia",,40,Strada Della Verna,10156,Parco,Torino,San Mauro Torinese,Torino,TO,Piemonte,PIE,Italia,it,0.108,0.3,0.12,© OpenAddresses contributors,BSD-3-Clause License,
GM1413097,1201003951,METALIK AD,GM097,,,"PROMISHLENA STR., IND.QT, 6000",STARA ZAGORA,6000,,Bulgaria,9.459101911,48.56339429,-2502,42.3705205,25.57158193530669,"Стара Загора, Bulgaria",,,,,,,Стара Загора,Стара Загора,,,,Bulgaria,bg,0.25,1,,© OpenStreetMap contributors,Open Database License,https://www.openstreetmap.org/copyright
SV1718097,1201003778,BR. HEDBERGS MEKANISKA,SV097,,,VERKSTAD BJÖRKNÄS 410,KARLSTAD,655 94,,Svezia,13.18229074,47.89102583,-1908,59.634122,12.597371,"Björknäs, 671 91 Arvika, Svezia",,,Björknäs,671 91,,Arvika stadsdistrikt,Arvika,Arvika,,contea di Värmland,,Svezia,se,0.2631578947368421,0.2631578947368421,0.2631578947368421,© OpenStreetMap contributors,Open Database License,https://www.openstreetmap.org/copyright
KM1015022,1201003951,METALIK AD,KM022,,,"PROMISHLENA STR., IND.QT, 6000",STARA ZAGORA,6000,,Bulgaria,11.5937492,52.11968913,4243,42.3705205,25.57158193530669,"Стара Загора, Bulgaria",,,,,,,Стара Загора,Стара Загора,,,,Bulgaria,bg,0.25,1,,© OpenStreetMap contributors,Open Database License,https://www.openstreetmap.org/copyright
L93597090,1201004042,G.E.A. S.N.C. DI VEGGIAN GRAZIANO & C.,LB032,,Linea LEM_93,"VIA DE ZAN, 52",AVIANO,33081,PN,Italia,12.59931192,46.06822059,4292,,,,,,,,,,,,,,,,,,,,,,
TM3523135,1201003955,OMNIA PRESS S.R.L.,TM135,1,,"VIA GAGGIO, 28",LONATE POZZOLO,21015,VA,Italia,11.8925329,44.3747877,-221,,,,,,,,,,,,,,,,,,,,,,
AM1003070,1201004043,FLEMATEC INDUSTRISERVICE AS,AM051,,Linea AREA_M,REKSUNDVEIEN 119 CO/HEIMGARDSVEIEN 21,AVEROY,6533,,Norvegia,7.50924787,63.04679136,-3912,63.1371204,7.4323066310460995,"Averøy, Norvegia",,,,,,,Averøy,Møre og Romsdal,,,,Norvegia,no,0,1,,© OpenStreetMap contributors,Open Database License,https://www.openstreetmap.org/copyright
AR3012025,1201003778,BR. HEDBERGS MEKANISKA,AR025,,,VERKSTAD BJÖRKNÄS 410,KARLSTAD,655 94,,Svezia,9.370367241,50.11056906,-742,59.634122,12.597371,"Björknäs, 671 91 Arvika, Svezia",,,Björknäs,671 91,,Arvika stadsdistrikt,Arvika,Arvika,,contea di Värmland,,Svezia,se,0.2631578947368421,0.2631578947368421,0.2631578947368421,© OpenStreetMap contributors,Open Database License,https://www.openstreetmap.org/copyright
MBO23,1201999999,FPT INDUSTRIE SPA,MBO23,,,VIA E.FERMI 18,SANTA MARIA DI SALA,30036,VE,Italia,11.0688328,43.6490778,3212,45.5044606,12.0198986,"FPT Industrie S.p.A, Via Enrico Fermi, 18, 30036 Santa Maria di Sala VE, Italia",FPT Industrie S.p.A,18,Via Enrico Fermi,30036,Zona Industriale Santa Maria di Sala,,Santa Maria di Sala,Venezia,VE,Veneto,VEN,Italia,it,1,1,1,© OpenStreetMap contributors,Open Database License,https://www.openstreetmap.org/copyright
MARES0000275,1201001728,F.G. DI GANASSI ALBERTO E C. SRL,M2301,,,VIA SACCO E VANZETTI 3,BIBBIANO,42021,RE,Italia,11.6081332,44.4971678,3671,,,,,,,,,,,,,,,,,,,,,,
L193197,1201004051,BAZZICHET STAMPI SAS DI BAZZICHET F.& C.,L1038,,,VIA SERNAGLIA 76/9,PIEVE DI SOLIGO,31053,TV,Italia,121664011,458964109,3896,,,,,,,,,,,,,,,,,,,,,,
DX0217112,1201004051,BAZZICHET STAMPI SAS DI BAZZICHET F.& C.,DX112,,,VIA SERNAGLIA 76/9,PIEVE DI SOLIGO,31053,TV,Italia,121664011,458964109,-3106,,,,,,,,,,,,,,,,,,,,,,
B99101,1201004050,OULUN TYOSTOKONEHUOLTO OY,SB061,,Linea SPAZIO,"LINNUNRATA, 3",KEMPELE,90440,,Finlandia,23.08053753,63.833109,2353,,,,,,,,,,,,,,,,,,,,,,
S39102,1201004052,FAIST MEKATRONIC SRL,SO02,,,"NICOLAE FILIPESCU NR 2 , EUROBUSINESS PARK","ORODEA, BIHOR",410605,,Romania,12.00455805,45.47859318,3153,47.080083,21.916585,"C 2, 410605 Oradea, Romania",,,C 2,410605,,,Oradea,,,Bihor,BH,Romania,ro,0.4725,0.4725,0.4725,© OpenStreetMap contributors,Open Database License,https://www.openstreetmap.org/copyright
FP520,1201003813,CGA TECHNOLOGIES S.R.L.,FP520,,,VIA DELL'INDUSTRIA 22,CIVIDALE DEL FRIULI,33043,UD,Italia,12.0827358,44.2324952,3946,,,,,,,,,,,,,,,,,,,,,,
MARES0000276,1201003561,WARCOM S.R.L.,M2300,,,VIA E. FERMI N.3,ADRO,25030,BS,Italia,10.1964658,44.8296905,-499,,,,,,,,,,,,,,,,,,,,,,
LM1002114,1201004054,SIP & T S.P.A. UNIPERSONALE,LM115,,Linea SIRIO_M,"VIA G.AGNELLI, 6",BARONISSI,84081,SA,Italia,10.6553842,44.8982733,192,40.744286,14.771245,"Via Cutinelli, 6, 84081 Baronissi SA, Italia",,6,Via Cutinelli,84081,,Comune di Baronissi,Baronissi,Salerno,SA,Campania,CAM,Italia,it,0.5,1,0.5555555555555556,© OpenAddresses contributors,BSD-3-Clause License,
MARES0000277,1201003927,MARELLI MOTHERSON AUTOMOTIVE LIGHTING INDIA PVT LTD,M2302,,,"PLOT NO. 3, SECTOR 156",NOIDA,201 301,,India,-72.374475,-36.2506481,3520,28.5706333,77.3272147,"Dadri (Noida) - 201301, UP, India",Noida,,,201301,,,Noida,Gautam Buddha Nagar District,,Uttar Pradesh,UP,India,in,0.5,1,,© OpenStreetMap contributors,Open Database License,https://www.openstreetmap.org/copyright
MARES0000278,1201003927,MARELLI MOTHERSON AUTOMOTIVE LIGHTING INDIA PVT LTD,M2303,,,"PLOT NO. 3, SECTOR 156",NOIDA,201 301,,India,-72.374475,-36.2506481,2151,28.5706333,77.3272147,"Dadri (Noida) - 201301, UP, India",Noida,,,201301,,,Noida,Gautam Buddha Nagar District,,Uttar Pradesh,UP,India,in,0.5,1,,© OpenStreetMap contributors,Open Database License,https://www.openstreetmap.org/copyright
SV1723111,1201001151,BORROMINI SRL,SV111,,,V.LE DEL LAVORO Z.A.I. 5,COLOGNOLA AI COLLI,37030,VR,Italia,11.15975,45.42188,1049,45.418914,11.1452381,"Viale del Lavoro, 37030 Colognola ai Colli VR, Italia",Viale del Lavoro,,Viale del Lavoro,37030,,,Colognola ai Colli,Verona,VR,Veneto,VEN,Italia,it,0.405,1,0.81,© OpenStreetMap contributors,Open Database License,https://www.openstreetmap.org/copyright
CT3022028,1201003194,TECHNOMEC S.R.L.,CT028,,,Z.I. TRONTO VIA BONIFICA KM.16,SANT'EGIDIO ALLA VIBRATA,64016,TE,Italia,13.71936,42.84927,-3225,42.821048,13.717891,"64016 Sant'Egidio alla Vibrata, Italia",,,,64016,,,Sant'Egidio alla Vibrata,Teramo,TE,Abruzzo,ABR,Italia,it,0.25,1,,© OpenStreetMap contributors,Open Database License,https://www.openstreetmap.org/copyright
GM0809053,1201004015,MOLIPOREX COMPLEXO INDUSTRIAL VANGEST,GM053,,,RUA DE LEIRIA 212,MARINHA GRANDE,2430-527,,Portogallo,12.00455805,39.74668589,4702,,,,,,,,,,,,,,,,,,,,,,
GM0609054,1201004015,MOLIPOREX COMPLEXO INDUSTRIAL VANGEST,GM054,,,RUA DE LEIRIA 212,MARINHA GRANDE,2430-527,,Portogallo,-8.900080777,39.74668589,4198,,,,,,,,,,,,,,,,,,,,,,
L68947,1201004055,KOSTRUZIONI MECCANICHE ATTREZZ,L6006,1,,"LOCALITA' RIDDONE 1, FRAZIONE SAN GIUSEPPE",SOMMARIVA PERNO,12040,CN,Italia,-8.900080777,45.00812603,1083,44.738954,7.916605,"Localita' Vignole, 1, 12040 Sommariva Perno CN, Italia",,1,Localita' Vignole,12040,,,Sommariva Perno,Cuneo,CN,Piemonte,PIE,Italia,it,0.3857142857142857,1,0.42857142857142855,© OpenAddresses contributors,BSD-3-Clause License,
GM1022246,1201999999,FPT INDUSTRIE SPA,GM246,,,VIA E.FERMI 18,SANTA MARIA DI SALA,30036,VE,Italia,12.99472138,43.6490778,-3536,45.5044606,12.0198986,"FPT Industrie S.p.A, Via Enrico Fermi, 18, 30036 Santa Maria di Sala VE, Italia",FPT Industrie S.p.A,18,Via Enrico Fermi,30036,Zona Industriale Santa Maria di Sala,,Santa Maria di Sala,Venezia,VE,Veneto,VEN,Italia,it,1,1,1,© OpenStreetMap contributors,Open Database License,https://www.openstreetmap.org/copyright
VM0614089,1201003951,METALIK AD,VM089,,,"PROMISHLENA STR., IND.QT, 6000",STARA ZAGORA,6000,,Bulgaria,24.90219705,42.02470997,2066,42.3705205,25.57158193530669,"Стара Загора, Bulgaria",,,,,,,Стара Загора,Стара Загора,,,,Bulgaria,bg,0.25,1,,© OpenStreetMap contributors,Open Database License,https://www.openstreetmap.org/copyright
GM1623242,1201003026,C.M.O. S.R.L.,GM242,,,"VIA ISONZO, 2",PRAVISDOMINI,33076,PN,Italia,13.4362462,45.9529703,1111,,,,,,,,,,,,,,,,,,,,,,
L187059,1201004059,SPICAM S.R.L.,L1001,,Obsoleta,"VIA L.DE ZORZI, 2",FONZASO,32030,BL,Italia,116552283,457267048,-281,46.004132,11.810701,"Via Luigi de Zorzi, 32030 Comune di Fonzaso BL, Italia",,,Via Luigi de Zorzi,32030,,,Comune di Fonzaso,Belluno,BL,Veneto,VEN,Italia,it,0.36450000000000005,0.81,0.7290000000000001,© OpenStreetMap contributors,Open Database License,https://www.openstreetmap.org/copyright
DK0823014,1201002872,GONZALES FRERES SAS,DK014,,,761 ROUTE DE LA BOUGIE ZA LA CRAZ,ESTRABLIN,38780,,Francia,5.11452,47.47371,-2887,45.510358,4.945548,"761 Route De La Bougie, 38780 Estrablin, Francia",,761,Route De La Bougie,38780,,Estrablin,Estrablin,Isère,,Alvernia-Rodano-Alpi,,Francia,fr,0.6428571428571429,1,0.7142857142857143,© OpenAddresses contributors,BSD-3-Clause License,
MARES0000279,1201003907,UNITECH INDUSTRIES SRL,M2304,,,"VIA PARUGIANO DI SOTTO, 41/43",MONTEMURLO,59013,PO,Italia,11.0396911,43.9061259,-3484,,,,,,,,,,,,,,,,,,,,,,
MARES0000283,1201003955,OMNIA PRESS S.R.L.,M2212,1,,"VIA GAGGIO, 28",LONATE POZZOLO,21015,VA,Italia,11.8925329,44.3747877,248,,,,,,,,,,,,,,,,,,,,,,
MARES0000284,1201000426,SORA SRL,M2169,,,ZONA ARTIGIANALE N.24,CHIENES,39030,BZ,Italia,14.7943146,36.8353938,-2427,,,,,,,,,,,,,,,,,,,,,,
CT2523034,1201001582,NARDI SPA,CT034,,,VIA ARSO 4,CHIAMPO,36072,VI,Italia,11.2686997,45.5610917,2633,,,,,,,,,,,,,,,,,,,,,,
DM0815082,1201002193,MATADOR INDUSTRIES A.S.,DM082,,,TOVARENSKA 1 P.O. BOX 80,DUBNICA NAD VÁHOM,018 41,,Slovacchia,18.18760318,48.96579586,-1266,,,,,,,,,,,,,,,,,,,,,,
CT3023029,1201003978,OPAM SRL UNIPERSONALE,CT029,,,"VIA PONTE FABBRO, 112/114",COLOGNE,25033,BS,Italia,9.9386694,45.575478,-1622,,,,,,,,,,,,,,,,,,,,,,
DM0623142,1201001505,SCHAUFLER TOOLING GMBH & CO. KG,DM142,,,GOETHESTR. 72,LAICHINGEN,89150,,Germania,9.6998964,48.4887876,-1339,,,,,,,,,,,,,,,,,,,,,,
SV1723109,1201004061,OTTONOM PRODUCTION TECHNOLOGIES,SV109,,,GÖRÜKLE SAN.BÖLGESI DUMLUPINAR MAH.SELÇUK CAD.NO:8,NILÜFER / BURSA,16285,,Turchia,28.7701,40.31461,-3542,40.21401,28.91567,"Niluefer, provincia di Bursa, Turchia",,,,,,,Niluefer,Distretto di Nilüfer,,provincia di Bursa,,Turchia,tr,0.315,0.63,,Who's On First,CC0,https://www.whosonfirst.org/docs/licenses/
VM1423207,1201004048,ALME S.R.L.,VM207,,,"VIA DELL'ARTIGIANATO, 4",ROSA',36027,VI,Italia,13.5053167,43.5928501,1243,,,,,,,,,,,,,,,,,,,,,,
DX0823164,1201004037,FMK HAVACILIK VE SAVUNMA SAN. TIC. LTD.,DX164,,,KARAOGLAN MAH. 3964. CD NO:49A,GÖLBASI/ ANKARA,6378,,Turchia,32.79566,39.82941,4831,39.955016,32.562892,"Savunma Sokak, Sincan, Turchia",,,Savunma Sokak,,,,,Sincan,,provincia di Ankara,,Turchia,tr,0.02366863905325444,0.3076923076923077,0.04733727810650888,© OpenStreetMap contributors,Open Database License,https://www.openstreetmap.org/copyright
DS0823015,1201001702,DE IULIIS MACCHINE SPA,DS015,,,VIA DELLE INDUSTRIE 3,FISCIANO,84084,SA,Italia,14.7709499,40.7857738,1012,,,,,,,,,,,,,,,,,,,,,,
CT2523030,1201003944,MAAC HYDRO SAS,CT030,1,,C/O DOUCE HYDRO 2 RUE HENRY POTEZ,ALBERT,80300,,Francia,-3.06228,48.7703,-99,,,,,,,,,,,,,,,,,,,,,,
VM206,1201002964,MAZZONI S.N.C. DI MAZZONI BRUNO & C.,VM206,,,"VIA LUIGI EINAUDI, 11",PANCALIERI,10060,TO,Italia,9.0386309,39.3862389,-4923,44.840893,7.585167,"Via Luigi Einaudi, 11, 10060 Comune di Pancalieri Torino, Italia",,11,Via Luigi Einaudi,10060,,,Comune di Pancalieri,Torino,TO,Piemonte,PIE,Italia,it,0.7290000000000001,0.81,0.81,© OpenAddresses contributors,BSD-3-Clause License,
CT2523035,1201004009,PROMMASHKOMPLEKT LLP,CT035,,,"KUNAYEV AVENUE, 95A BLD.",EKIBASTUZ,141200,,Kazakistan,75.34605,51.71612,-4030,51.7408482109375,75.31630728125,"Kazakistan, Regione di Pavlodar, 141200 Екібастұз",Екібастұз,,,141200,,,Екібастұз,Екібастұз Қ.Ә.,,Regione di Pavlodar,,Kazakistan,kz,0.25,1,,© OpenStreetMap contributors,Open Database License,https://www.openstreetmap.org/copyright
VM199,1201004002,PALSIDER SRL,VM199,1,,"VIALE MARCELLO CHIANTANTE, 39 ZONA INDUSTRIALE",LECCE,73100,LE,Italia,18.12439,40.38039,-3027,40.3570373,18.1718482,"73100 Lecce, Italia",,,,73100,,,Lecce,Lecce,LE,Puglia,PUG,Italia,it,0.25,1,,© OpenStreetMap contributors,Open Database License,https://www.openstreetmap.org/copyright
KA1017005,1201004071,MBM MECHANISCHE BEARBEITUNG GMBH,KA005,,,GRAMBEKER WEG 25-29,MOLLN,23879,,Germania,18.18760318,53.62132543,2777,,,,,,,,,,,,,,,,,,,,,,
KA1023019,1201003605,DECOM SRL UNIP.,KA019,1,,"VIA FIRMIO LEONZIO, 12",SALERNO,84131,SA,Italia,14.8601602,40.6416552,825,,,,,,,,,,,,,,,,,,,,,,
CT033,1201003989,BOTTERO SPA,CT033,,,"VIA GENOVA, 82",CUNEO,12100,CN,Italia,15.0963782,37.5202219,3285,,,,,,,,,,,,,,,,,,,,,,
VM1423198,1201003952,CIDAN MACHINERY SWEDEN AB,VM198,,,JÄRNVÄGSGATAN 15,GÖTENE,533 30,,Svezia,13.712045,58.2728389,4755,,,,,,,,,,,,,,,,,,,,,,
VM1023205,1201003842,BISSON IMPIANTI INDUSTRIALI SRL,VM205,,,"VIA SANT'ANNA, 3",TEZZE SUL BRENTA,36056,VI,Italia,11.0319784,44.4842979,-2246,,,,,,,,,,,,,,,,,,,,,,
DX0218116,1201000131,LEGACY INDUSTRIES,DX116,,,1460 ATLANTIC BLVD,AUBURN HILLS,48326,MI,Stati Uniti d'America,-82.98319074,42.49220367,-2319,,,,,,,,,,,,,,,,,,,,,,
RV2016084,1201000131,LEGACY INDUSTRIES,RV084,,,1460 ATLANTIC BLVD,AUBURN HILLS,48326,MI,Stati Uniti d'America,-82.98319074,42.49220367,-147,,,,,,,,,,,,,,,,,,,,,,
GM0414103,1201000131,LEGACY INDUSTRIES,GM103,,,1460 ATLANTIC BLVD,AUBURN HILLS,48326,MI,Stati Uniti d'America,-82.98319074,42.49220367,-2284,,,,,,,,,,,,,,,,,,,,,,
RV2013071,1201000131,LEGACY INDUSTRIES,RV071,,,1460 ATLANTIC BLVD,AUBURN HILLS,48326,MI,Stati Uniti d'America,-82.98319074,42.49220367,4504,,,,,,,,,,,,,,,,,,,,,,
RV2013070,1201000131,LEGACY INDUSTRIES,RV070,,,1460 ATLANTIC BLVD,AUBURN HILLS,48326,MI,Stati Uniti d'America,-82.98319074,42.49220367,-142,,,,,,,,,,,,,,,,,,,,,,
RV2006057,1201000131,LEGACY INDUSTRIES,RV057,,,1460 ATLANTIC BLVD,AUBURN HILLS,48326,MI,Stati Uniti d'America,-82.98319074,42.49220367,-579,,,,,,,,,,,,,,,,,,,,,,
DM3006003,1201000131,LEGACY INDUSTRIES,DM003,,,1460 ATLANTIC BLVD,AUBURN HILLS,48326,MI,Stati Uniti d'America,-82.98319074,42.49220367,-1309,,,,,,,,,,,,,,,,,,,,,,
GM0605005,1201000131,LEGACY INDUSTRIES,GM005,,Linea RONIN_M,1460 ATLANTIC BLVD,AUBURN HILLS,48326,MI,Stati Uniti d'America,-82.98319074,42.49220367,-3451,,,,,,,,,,,,,,,,,,,,,,
DV2805054,1201000131,LEGACY INDUSTRIES,DV054,,Linea DINO,1460 ATLANTIC BLVD,AUBURN HILLS,48326,MI,Stati Uniti d'America,-82.98319074,42.49220367,3645,,,,,,,,,,,,,,,,,,,,,,
SV1704006,1201000131,LEGACY INDUSTRIES,SV006,,Linea STINGER,1460 ATLANTIC BLVD,AUBURN HILLS,48326,MI,Stati Uniti d'America,-82.98319074,42.49220367,-3388,,,,,,,,,,,,,,,,,,,,,,
DV2804045,1201000131,LEGACY INDUSTRIES,DV045,,Linea DINO,1460 ATLANTIC BLVD,AUBURN HILLS,48326,MI,Stati Uniti d'America,-82.98319074,42.49220367,3270,,,,,,,,,,,,,,,,,,,,,,
KM1412001,1201004070,SWH SUNTER WERKZEUGMASCHINEN HANDEL GMBH,KM001,,,LUTHER AUGUSTIN STRASSE 7,HALBERSTADT,38820,,Germania,9.67790503,55.78869407,-2577,,,,,,,,,,,,,,,,,,,,,,
DX0223162,1201004053,LOC PERFORMANCE INC.,DX162,,,13505 HAGGERTY ROAD,"PLYMOUTH, MI",48170,,Stati Uniti d'America,-83.4392112,42.2051815,-2914,42.379186,-83.4481713,"13505 North Haggerty Road, Plymouth, MI, Stati Uniti d'America",,13505,North Haggerty Road,,,Plymouth,Plymouth,contea di Wayne,,Michigan,MI,Stati Uniti d'America,us,0.7290000000000001,0.9,0.81,,,
GM1008043,1201004071,MBM MECHANISCHE BEARBEITUNG GMBH,GM043,,,GRAMBEKER WEG 25-29,MOLLN,23879,,Germania,10.68104927,53.62132543,-3674,,,,,,,,,,,,,,,,,,,,,,
MARES0000286,1201001806,MAIT SPA,M2309,,,VIA FLAMINIA SECONDA 151,OSIMO,60027,AN,Italia,13.52601,43.4708,2299,,,,,,,,,,,,,,,,,,,,,,
TM3507005,1201004075,SINKAL S.R.L.,TM005,,,"VIA ALTOBELLI J, 1",IMOLA,40026,BO,Italia,12.0191939,44.5069363,-2489,44.35802,11.723672,"Via Altobelli Bonetti, 1, 40026 Imola BO, Italia",,1,Via Altobelli Bonetti,40026,,Comune di Imola,Imola,Bologna,BO,Emilia-Romagna,EMI,Italia,it,0.27,1,0.3,© OpenAddresses contributors,BSD-3-Clause License,
MARES0000287,1201003720,B M S LAVORAZIONI MECCANICHE SRL,M2115,,,VIALE MONTE NERO 7,MILANO,20135,MI,Italia,9.2030789,45.4533481,1051,,,,,,,,,,,,,,,,,,,,,,
MARES0000288,1201001693,LARO NC-TECHNIK GMBH,M2310,,,GEWERBESTRAßE 8,ILLMENSEE,88636,,Germania,8.937024,47.8332891,1435,,,,,,,,,,,,,,,,,,,,,,
MARES0000289,1201003802,MASSIV DIE -FORM,M2311,,,7655 BRAMALEA ROAD,BRAMPTON,L6T 4Y5,,Canada,-79.67819,43.7024736,-4969,43.7024736,-79.67819025581667,"Massiv Die-Form, 7655 Bramalea Road, Brampton, ON L5S 1Z7, Canada",Massiv Die-Form,7655,Bramalea Road,L5S 1Z7,,,Brampton,Peel Region,,Ontario,ON,Canada,ca,1,1,1,© OpenStreetMap contributors,Open Database License,https://www.openstreetmap.org/copyright
DP0423026,1201004001,MANDES TEKNOLOJI MAKINA IML.SAN.VE TIC A.S.,DP026,,,OSTIM OSB MAH. 1269 CAD. NO:25,YENIMAHALLE / ANKARA,6370,,Turchia,32.75193,39.97664,1426,,,,,,,,,,,,,,,,,,,,,,
AM1202052,1201004024,IRLE ROLLS GMBH,AM033,,Linea AREA_M,HUTTENWEG 5,NETPHEN (DEUZ),57250,,Germania,8.148323973,50.88500309,-262,,,,,,,,,,,,,,,,,,,,,,
DV3023090,1201004044,CALISTRI GIACINTO & C. S.A.S.,DV090,1,,"VIA DEL REDOLONE, 57/A",CASALGUIDI-SERRAVALLE P.S,51034,PT,Italia,10.90676,43.88392,-2955,43.770809,11.300145,"Via Del Guarlone, 57, 50135 Firenze Provincia di Firenze, Italia",,57,Via Del Guarlone,50135,Nave A Rovezzano,Comune di Firenze,Firenze,Provincia di Firenze,,Toscana,TOS,Italia,it,0.106875,0.25,0.125,© OpenAddresses contributors,BSD-3-Clause License,
MARES0000291,1201003530,MEC S.P.A.,M2313,1,,VIA GRATTERIA 3/F,MONDOVI,12084,CN,Italia,7.82699,44.41345,3890,44.4120328,7.8280354,"Strada di Gratteria, 12804 Mondovì CN, Italia",Strada di Gratteria,,Strada di Gratteria,12804,,,Mondovì,Cuneo,CN,Piemonte,PIE,Italia,it,0.45,1,0.9,© OpenStreetMap contributors,Open Database License,https://www.openstreetmap.org/copyright
MARES0000290,1201000092,RACING BULLS S.P.A.,M2312,,,VIA BOARIA 229,FAENZA,48018,RA,Italia,11.863959,44.3082208,-505,,,,,,,,,,,,,,,,,,,,,,
L93602162,1201002414,C.S.D. SRL,LB105,,Linea LEM_93,VIA SOMMARIVA 39/6,CARMAGNOLA,10022,TO,Italia,7.626242741,44.92751451,1222,,,,,,,,,,,,,,,,,,,,,,
MARES0000293,1201001172,SCM GROUP SPA,M2315,,,VIA EMILIA 77,RIMINI,47921,RN,Italia,10.1447581,44.8419054,4359,,,,,,,,,,,,,,,,,,,,,,
MARES0000292,1201003852,GABELLA MACCHINE S.P.A.,M2314,,,"VIA MONTE ORFANO, 12",CREVACUORE,13864,BI,Italia,8.2374135,45.6842325,1567,,,,,,,,,,,,,,,,,,,,,,
MARES0000294,1201003646,THYSSENKRUPP ROTHE ERDE GERMANY GMBH,M2316,,,TREMONIASTRAßE 5-11,DORTMUND,44137,,Germania,7.439558,51.5085305,-2931,,,,,,,,,,,,,,,,,,,,,,
AM1002055,1201003209,DUEDI SRL,AM036,,Linea AREA_M,V.LE DELL'ARTIGIANATO 16,SANTA GIUSTINA IN COLLE,35010,PD,Italia,12.6364422,43.9891098,763,45.585066,11.895168,"Comune di Santa Giustina in Colle, VEN, Italia",,,,,,,Comune di Santa Giustina in Colle,Padova,PD,Veneto,VEN,Italia,it,0.2025,0.81,,Who's On First,CC0,https://www.whosonfirst.org/docs/licenses/
DM144,1201003668,MERRILL TECHNOLOGIES GROUP,DM144,,,21659 W. GRATIOT RD.,MERRIL,48637,MI,Stati Uniti d'America,-84.815447,43.466235,1950,43.372549551304346,-84.3229777452174,"Lakefield Township, MI 48637, Stati Uniti d'America",Lakefield Township,,,48637,,,Lakefield Township,Saginaw County,,Michigan,MI,Stati Uniti d'America,us,0.25,1,,© OpenStreetMap contributors,Open Database License,https://www.openstreetmap.org/copyright
SV1716073,1201004085,S.W.P. CORPORATION,SV073,,,"65-1,GISAN-RO,HWASEONG-SI",GYEONGGI-DO REPUBLIC OK KOREA,18387,,Corea del Sud,126.7260477,37.32593381,4058,-43.533412,172.556324,"1/65 Middlepark Road, Sockburn 8042, Nuova Zelanda",,1/65,Middlepark Road,8042,,Christchurch,Sockburn,Christchurch City,,Canterbury,CAN,Nuova Zelanda,nz,0,,,© OpenStreetMap contributors,Open Database License,https://www.openstreetmap.org/copyright
DM145,1201003668,MERRILL TECHNOLOGIES GROUP,DM145,,,21659 W. GRATIOT RD.,MERRIL,48637,MI,Stati Uniti d'America,-84.815447,43.466235,2784,43.372549551304346,-84.3229777452174,"Lakefield Township, MI 48637, Stati Uniti d'America",Lakefield Township,,,48637,,,Lakefield Township,Saginaw County,,Michigan,MI,Stati Uniti d'America,us,0.25,1,,© OpenStreetMap contributors,Open Database License,https://www.openstreetmap.org/copyright
L891105,1201004087,MB FAPROMAL D.O.O.,L8002,,,RADNICKA BB,LUCANI,32240,,Serbia,12.14557197,45.41121392,-4336,43.8602275,20.1365353,"32240 Лучани (варошица) (Општина Лучани), Serbia",,,,32240,,,Општина Лучани,Моравички управни округ,,Централна Србија,,Serbia,rs,0.25,1,,© OpenStreetMap contributors,Open Database License,https://www.openstreetmap.org/copyright
GM0604001,1201003751,TAGLIO ROBOT S.R.L. SOC. UNIPERSONALE,GM001,,Linea RONIN_M,VIA REGINA MARGHERITA 49,CERESOLE D'ALBA,12040,CN,Italia,12.36559557,45.68185726,2181,,,,,,,,,,,,,,,,,,,,,,
DX4523161,1201002513,M.C.S. FACCHETTI SRL,DX161,,,"LOC. BREDA, 3",MURA,25070,BS,Italia,10.36469,45.70233,58,45.701874,10.364342,"Localita' Breda, 3, 25070 Comune di Mura BS, Italia",,3,Localita' Breda,25070,,,Comune di Mura,Brescia,BS,Lombardia,LOM,Italia,it,0.7290000000000001,0.81,0.81,© OpenAddresses contributors,BSD-3-Clause License,
MHA23,1201999999,FPT INDUSTRIE SPA,MHA23,,,VIA E.FERMI 18,SANTA MARIA DI SALA,30036,VE,Italia,11.0688328,43.6490778,-2083,45.5044606,12.0198986,"FPT Industrie S.p.A, Via Enrico Fermi, 18, 30036 Santa Maria di Sala VE, Italia",FPT Industrie S.p.A,18,Via Enrico Fermi,30036,Zona Industriale Santa Maria di Sala,,Santa Maria di Sala,Venezia,VE,Veneto,VEN,Italia,it,1,1,1,© OpenStreetMap contributors,Open Database License,https://www.openstreetmap.org/copyright
DV2302024,1201004089,AÇOKORTE,DV024,,Linea DINO,RUA MARIO L. MARTINEZ Nº 80,ITU SÃO PAULO,13313-232,,Brasile,-82.96680063,42.23919245,2502,-23.708811,-46.685289,"Rua Maximiliano Martinez 80, Cidade Dutra, San Paolo - Southeast, 04812-220, Brasile",,80,Rua Maximiliano Martinez,04812-220,Cidade Dutra,Jardim Paulista,San Paolo,San Paolo,,Southeast,,Brasile,br,0.25719119999999995,0.31751999999999997,0.28576799999999997,© OpenAddresses contributors,BSD-3-Clause License,
DV2801013,1201004093,ERMAK BETON VE INSAAT MAKINELERI,DV013,,Linea DINO,OSB MAH MAKINE HTISAS ORGANIZE SANAYI SIT. 27.SOKAK NO: 1/1,DILOVASI- KOCAELI,41455,,Turchia,12.3867305,50.57620269,-2013,38.449835,27.241523,"1704/1. Sokak 27, 35050 Bornova, Turchia",,27,1704/1. Sokak,35050,,,Bornova,Distretto di Bornova,,provincia di Smirne,,Turchia,tr,0.162,0.2222222222222222,0.18,© OpenStreetMap contributors,Open Database License,https://www.openstreetmap.org/copyright
YM0598005,1201002604,INMETAL RYSZARD WOLOSZCZUK,YM005,,Linea SINTHESYS,ST. MECHANISCHE 9,GLIWICE,44-109,,Polonia,14.45344837,50.0756679,2191,50.2930666,18.673652816487113,"Czerwona chemia, Księdza Marcina Strzody 9, 44-100 Gliwice, Polonia",Czerwona chemia,9,Księdza Marcina Strzody,44-100,Politechnika,Śródmieście,Gliwice,Górnośląsko-Zagłębiowska Metropolia,,Voivodato della Slesia,,Polonia,pl,0.19285714285714284,1,0.21428571428571427,© OpenStreetMap contributors,Open Database License,https://www.openstreetmap.org/copyright
DV2801015,1201004093,ERMAK BETON VE INSAAT MAKINELERI,DV015,,Linea DINO,OSB MAH MAKINE HTISAS ORGANIZE SANAYI SIT. 27.SOKAK NO: 1/1,DILOVASI- KOCAELI,41455,,Turchia,12.3867305,50.57620269,-200,38.449835,27.241523,"1704/1. Sokak 27, 35050 Bornova, Turchia",,27,1704/1. Sokak,35050,,,Bornova,Distretto di Bornova,,provincia di Smirne,,Turchia,tr,0.162,0.2222222222222222,0.18,© OpenStreetMap contributors,Open Database License,https://www.openstreetmap.org/copyright
VM201,1201003987,M.M.C. METALMECCANICA SRL,VM201,1,,"Z.INDUSTRIALE LOTTI 91,92,93",MELPIGNANO,73021,LE,Italia,18.28632,40.14882,-1223,40.1570806,18.2930785,"73021 Melpignano, Italia",,,,73021,,,Melpignano,Lecce,LE,Puglia,PUG,Italia,it,0.5,1,,© OpenStreetMap contributors,Open Database License,https://www.openstreetmap.org/copyright
VM202,1201003988,TESMEC S.P.A.,VM202,1,,"VIA ZANICA, 17/O",GRASSOBBIO,24050,BG,Italia,9.709224,45.650025,-2375,,,,,,,,,,,,,,,,,,,,,,
GM1217151,1201004096,COLLE S.P.A,GM151,,,"VIALE BELLUNO, 5 LENTIAI",BORGO VALBELLUNA,32026,BL,Italia,12.00056426,46.03848519,4038,,,,,,,,,,,,,,,,,,,,,,
MARES0000011,1201004096,COLLE S.P.A,M2053,,,"VIALE BELLUNO, 5 LENTIAI",BORGO VALBELLUNA,32026,BL,Italia,12.0106421,46.0428321,-4786,,,,,,,,,,,,,,,,,,,,,,
L68614,1201004102,ZERBINATI SRL,L6002,1,,"VIA CARLO CATTANEO, 49",TURATE,22078,CO,,11.78958666,45.52518741,4146,,,,,,,,,,,,,,,,,,,,,,
DX0216110,1201004108,RCO ENGINEERING & RCO AEROSPACE,DX110,,,29200 CALAHAN ROAD,"ROSEVILLE, MI",48066,,Stati Uniti d'America,-85.75648863,43.01278479,3924,,,,,,,,,,,,,,,,,,,,,,
DM0214058,1201004109,CANA-DATUM MOULDS LTD,DM058,,,55 GOLDTHORNE AVENUE,TORONTO-ONTARIO,M8Z 5S7,,Canada,-85.75648863,43.01278479,-2904,,,,,,,,,,,,,,,,,,,,,,
L93601140,1201004107,COMENA SRL,LB083,,Linea LEM_93,"VIA SICILIA, 58 LOC.PERIGNANO",CASCIANA TERME/LARI,56035,PI,Italia,10.62404,43.6701,1419,,,,,,,,,,,,,,,,,,,,,,
GM0614118,1201004109,CANA-DATUM MOULDS LTD,GM118,,,55 GOLDTHORNE AVENUE,TORONTO-ONTARIO,M8Z 5S7,,Canada,-85.75648863,43.01278479,3225,,,,,,,,,,,,,,,,,,,,,,
AM0798029,1201004105,O.G.F. DI FERRARI & C. SRL,AM010,,Linea AREA_M,"VIA SANDRO PERTINI, 4",COMUN NUOVO,24040,BG,Italia,11.76519343,45.62439484,-3056,,,,,,,,,,,,,,,,,,,,,,
GM0817166,1201004106,VS S.R.L.,GM166,,,"VIA PO, 85",CEGGIA,30022,VE,Italia,12.63037748,45.67738118,1743,,,,,,,,,,,,,,,,,,,,,,
DM0615091,1201004106,VS S.R.L.,DM091,,,"VIA PO, 85",CEGGIA,30022,VE,Italia,12.63037748,45.67738118,-1200,,,,,,,,,,,,,,,,,,,,,,
L93596074,1201004106,VS S.R.L.,LB016,,Linea LEM_93,"VIA PO, 85",CEGGIA,30022,VE,Italia,12.63037748,45.67738118,4459,,,,,,,,,,,,,,,,,,,,,,
B01007LML,1201004106,VS S.R.L.,SI006,,(Linea SPAZIO_LML),"VIA PO, 85",CEGGIA,30022,VE,Italia,12.63037748,45.67738118,4804,,,,,,,,,,,,,,,,,,,,,,
RV1503011,1201004106,VS S.R.L.,RV004,,Linea RAID,"VIA PO, 85",CEGGIA,30022,VE,Italia,12.63037748,45.67738118,1267,,,,,,,,,,,,,,,,,,,,,,
LM0499048,1201004106,VS S.R.L.,LM049,,Linea SIRIO_M,"VIA PO, 85",CEGGIA,30022,VE,Italia,12.63037748,45.67738118,4643,,,,,,,,,,,,,,,,,,,,,,
SR004,1201003813,CGA TECHNOLOGIES S.R.L.,SR004,,,VIA DELL'INDUSTRIA 22,CIVIDALE DEL FRIULI,33043,UD,Italia,11.3547251,44.6363595,4330,,,,,,,,,,,,,,,,,,,,,,
PM6003050,1201004110,PRESTIGE EQUIPMENT,PM050,,Linea PRAGMA_M,"35 PINELAWN ROAD, SUITE 203 W","MELVILLE, NY",11747,,Stati Uniti d'America,-82.96680063,42.23919245,-4138,,,,,,,,,,,,,,,,,,,,,,
GM245,1201003997,MEBOR D.O.O.,GM245,,,CESNJICA 48 B,ZELEZNIKI,4228,,Slovenia,14.2285849,46.2887463,3581,,,,,,,,,,,,,,,,,,,,,,
RC002,1201003668,MERRILL TECHNOLOGIES GROUP,RC002,,,21659 W. GRATIOT RD.,MERRIL,48637,MI,Stati Uniti d'America,-84.815447,43.466235,4217,43.372549551304346,-84.3229777452174,"Lakefield Township, MI 48637, Stati Uniti d'America",Lakefield Township,,,48637,,,Lakefield Township,Saginaw County,,Michigan,MI,Stati Uniti d'America,us,0.25,1,,© OpenStreetMap contributors,Open Database License,https://www.openstreetmap.org/copyright
CT027,1201004030,STOREBRO MACHINE TOOLS I VARBERG AB,CT027,,,BATTERIVÄGEN 8,VARBERG,43232,,Svezia,12.3336,58.2944123,-3533,,,,,,,,,,,,,,,,,,,,,,
DP0223030,1201000679,MSI MOLD BUILDERS,DP030,,,12300 6TH STR. S.W.,CEDAR RAPIDS,52404,IA,Stati Uniti d'America,-91.67595,41.86381,3117,41.86399,-91.676369,"12300 6th Street SW, Cedar Rapids, IA 52404, Stati Uniti d'America",,12300,6th Street SW,52404,,,Cedar Rapids,Linn,,Iowa,IA,Stati Uniti d'America,us,0.81,1,0.9,© OpenAddresses contributors,BSD-3-Clause License,
DP0223031,1201004090,ARAS INSAAT TAAHHÜT YAPI MALZEMELERI TIC . VE SAN.,DP031,,,ÖRNEK MAH. 682/1 SOKAK NO:15/1,ALTINDAG / ANKARA,6080,,Turchia,32.89093,39.9563,1412,39.9140996,32.8079705,"Bosco, 1. Sokak 7, 06490 Ankara, Turchia",Bosco,7,1. Sokak,06490,Emek Mahallesi,,Ankara,Ankara,,İç Anadolu Bölgesi,,Turchia,tr,0.11024999999999999,0.5,0.22049999999999997,© OpenStreetMap contributors,Open Database License,https://www.openstreetmap.org/copyright
MARES0000299,1201003053,O.M.G. S.R.L. OFFICINE MECCANICHE GALLETTI,M2321,,,"VIA BRENTA, 18",PONTE VALLECEPPI,6135,PG,Italia,11.5496263,45.5599349,1817,,,,,,,,,,,,,,,,,,,,,,
MARES0000300,1201003988,TESMEC S.P.A.,M2222,1,,"VIA ZANICA, 17/O",GRASSOBBIO,24050,BG,Italia,9.709224,45.650025,3622,,,,,,,,,,,,,,,,,,,,,,
PM4001037,1201001843,NIMA DI NICOLETTI & C. SNC OFF.MECCANICA,PM037,,Linea PRAGMA_M,VIA E. FERMI 32,MONTEBELLUNA,31044,TV,Italia,9.944396592,45.50824014,4923,,,,,,,,,,,,,,,,,,,,,,
DM0618119,1201004112,ALPEX TECHNOLOGIES GMBH,DM119,,,GEWERBEPARK 38,MILS BEI HALL,6068,,Austria,11.54372516,47.28308209,-1129,,,,,,,,,,,,,,,,,,,,,,
DX0223163,1201003793,SYBRIDGE TECHNOLOGIES,DX163,4,,465 JUTRAS DRIVE SOUTH,LAKE SHORE,N8N 5C4,ON,Canada,-83.24903,43.30724,-452,42.293376,-82.824096,"465 Jutras Drive, Lakeshore, ON N8N 5C4, Canada",,465,Jutras Drive,N8N 5C4,,,Lakeshore,Essex,,Ontario,ON,Canada,ca,0.81,1,0.9,© OpenAddresses contributors,BSD-3-Clause License,
MARES0000297,1201002964,MAZZONI S.N.C. DI MAZZONI BRUNO & C.,M2319,,,"VIA LUIGI EINAUDI, 11",PANCALIERI,10060,TO,Italia,9.1206032,39.2177673,1246,44.840893,7.585167,"Via Luigi Einaudi, 11, 10060 Comune di Pancalieri Torino, Italia",,11,Via Luigi Einaudi,10060,,,Comune di Pancalieri,Torino,TO,Piemonte,PIE,Italia,it,0.7290000000000001,0.81,0.81,© OpenAddresses contributors,BSD-3-Clause License,
L59080,1201003889,FOR REC S.P.A.,L5025,,,VIALE DELL'ARTIGIANATO 24,SANTA GIUSTINA IN COLLE,35010,PD,Italia,11.79460964,45.70111334,2180,45.5739124,11.896202,"FOR REC SPA, Via dell'Artigianato, 24, 35010 Fratte PD, Italia",FOR REC SPA,24,Via dell'Artigianato,35010,Zona Industriale Tremarende,Comune di Santa Giustina in Colle,Fratte,Padova,PD,Veneto,VEN,Italia,it,1,1,1,© OpenStreetMap contributors,Open Database License,https://www.openstreetmap.org/copyright
MARES0000280,1201002964,MAZZONI S.N.C. DI MAZZONI BRUNO & C.,M2305,,,"VIA LUIGI EINAUDI, 11",PANCALIERI,10060,TO,Italia,9.1206032,39.2177673,4622,44.840893,7.585167,"Via Luigi Einaudi, 11, 10060 Comune di Pancalieri Torino, Italia",,11,Via Luigi Einaudi,10060,,,Comune di Pancalieri,Torino,TO,Piemonte,PIE,Italia,it,0.7290000000000001,0.81,0.81,© OpenAddresses contributors,BSD-3-Clause License,
MARES0000281,1201001702,DE IULIIS MACCHINE SPA,M2306,,,VIA DELLE INDUSTRIE 3,FISCIANO,84084,SA,Italia,14.7709499,40.7857738,813,,,,,,,,,,,,,,,,,,,,,,
MARES0000301,1201003989,BOTTERO SPA,M2216,,,"VIA GENOVA, 82",CUNEO,12100,CN,Italia,7.588733,44.3844504,2160,,,,,,,,,,,,,,,,,,,,,,
MARES0000285,1201004048,ALME S.R.L.,M2307,,,"VIA DELL'ARTIGIANATO, 4",ROSA',36027,VI,Italia,11.7909189,44.4021097,-2756,,,,,,,,,,,,,,,,,,,,,,
L93600125,1201004118,LA MECCANICA SNC DI BARBABIETO,LB067,1,Linea LEM_93,VIA PADRE ULISSE CASCINELLI S.N.,S.MARIA DEGLI ANGELI,6081,PG,Italia,7.669983842,44.96257419,-765,43.05229,12.576132,"Via Padre Ulisse Cascianelli, 6081 Santa Maria Degli Angeli PG, Italia",,,Via Padre Ulisse Cascianelli,6081,,Comune di Assisi,Santa Maria Degli Angeli,Perugia,PG,Umbria,UMB,Italia,it,0.40909090909090906,1,0.8181818181818181,© OpenStreetMap contributors,Open Database License,https://www.openstreetmap.org/copyright
AM1205079,1201004070,SWH SUNTER WERKZEUGMASCHINEN HANDEL GMBH,AM060,,Linea AREA_M,LUTHER AUGUSTIN STRASSE 7,HALBERSTADT,38820,,Germania,9.67790503,55.78869407,-407,,,,,,,,,,,,,,,,,,,,,,
FP498,1201003516,T.M.A. DI BOGLIARI SRL,FP498,,,Z.IND.SAN ZENO -STRADA B N.12,OLMO,52100,AR,Italia,11.8281,43.42953,599,43.431541,11.832725,"Strada Comunale San Zeno, 19, 52100 Arezzo Provincia di Arezzo, Italia",,19,Strada Comunale San Zeno,52100,,Comune di Arezzo,Arezzo,Provincia di Arezzo,,Toscana,TOS,Italia,it,0.30541455,1,0.5103000000000001,© OpenAddresses contributors,BSD-3-Clause License,
PM0801031,1201004128,T & M MAKINE,PM031,,Linea PRAGMA_M,"YENISEHIR MAH. KARAKUS SOK. NO. 4/3-4 , PAYAS",HATAY,,,Turchia,10.32121996,47.74336042,3795,41.024425,40.525997,"Elvan Sok 4, 53020 Rize, Turchia",,4,Elvan Sok,53020,,,Rize,Merkez,,provincia di Rize,,Turchia,tr,0,,,© OpenStreetMap contributors,Open Database License,https://www.openstreetmap.org/copyright
FP448,1201002851,THALES ALENIA SPACE ITALIA SPA,FP448,1,,"STRADA ANTICA DI COLLEGNO, 253",TORINO,10146,TO,Italia,7.6115856,45.0820028,3001,,,,,,,,,,,,,,,,,,,,,,
MARES000302,1201000092,RACING BULLS S.P.A.,M2324,,,VIA BOARIA 229,FAENZA,48018,RA,Italia,11.8643328,44.3078834,2872,,,,,,,,,,,,,,,,,,,,,,
MARES000303,1201000092,RACING BULLS S.P.A.,M2325,,,VIA BOARIA 229,FAENZA,48018,RA,Italia,11.8643328,44.3078834,-1712,,,,,,,,,,,,,,,,,,,,,,
MARES00031,1201001591,MODELLERIA MAZZARI SRL,M2323,,,VIA DELLA MECCANICA 9/11,PADOVA,35020,PD,Italia,11.6313933,43.2678289,783,,,,,,,,,,,,,,,,,,,,,,
MARES000300,1201003815,F.LLI BERTONI COSTRUZIONI GENERALI SRL,M2322,,,VIA MONTE SAGRO S.N.,ARCOLA,19021,SP,Italia,10.2565439,43.8739474,-3292,44.109878,9.908736,"Via Monte, 19021 Comune di Arcola SP, Italia",,,Via Monte,19021,,,Comune di Arcola,La Spezia,SP,Liguria,LIG,Italia,it,0.2700000000000001,0.81,0.5400000000000001,© OpenStreetMap contributors,Open Database License,https://www.openstreetmap.org/copyright
LM0501081,1201004133,SIGNORINI S.R.L.,LM082,,Linea SIRIO_M,"VIA MONTE CUCCO, 38",MARZANA,37142,VR,Italia,11.02397617,45.5019375,-333,,,,,,,,,,,,,,,,,,,,,,
L791103,1201004133,SIGNORINI S.R.L.,L7003,,,"VIA MONTE CUCCO, 38",MARZANA,37142,VR,Italia,11.02397617,45.5019375,-4815,,,,,,,,,,,,,,,,,,,,,,
AM0805084,1201004133,SIGNORINI S.R.L.,AM055,,Linea AREA_M,"VIA MONTE CUCCO, 38",MARZANA,37142,VR,Italia,11.02397617,45.5019375,-2551,,,,,,,,,,,,,,,,,,,,,,
GM0806015,1201004139,ROSSI & BREVI S.P.A.,GM015,1,,"VIA AI DOSSI, 38",BOLGARE,24060,BG,,9.67790503,55.78869407,532,,,,,,,,,,,,,,,,,,,,,,
L93596071,1201004138,NIKROTEK MAKINA SANAYI VE TICARET AS.,LB013,,Linea LEM_93,CAM MAH.GÜNGÖR SOK. BEKONAK VLLALARI NO:8/1,TUZLA-ISTANBUL,,,Turchia,7.876044114,50.93383138,2810,40.895671,29.368696,"Tuzla, Turchia",Tuzla,,,,,,,Tuzla,,provincia di Istanbul,,Turchia,tr,0,,,Who's On First,CC0,https://www.whosonfirst.org/docs/licenses/
MARES0000296,1201003867,WEFOMA WERKZEUG- UND FORMENBAU GMBH,M2318,,,HÖPFIGHEIMER STRAßE 30,BIETIGHEIM-BISSINGEN,74321,,Germania,9.1551591,48.9535116,-1146,,,,,,,,,,,,,,,,,,,,,,
L284025,1201003889,FOR REC S.P.A.,L2017,,,VIALE DELL'ARTIGIANATO 24,SANTA GIUSTINA IN COLLE,35010,PD,Italia,9.690205242,45.69707061,2304,45.5739124,11.896202,"FOR REC SPA, Via dell'Artigianato, 24, 35010 Fratte PD, Italia",FOR REC SPA,24,Via dell'Artigianato,35010,Zona Industriale Tremarende,Comune di Santa Giustina in Colle,Fratte,Padova,PD,Veneto,VEN,Italia,it,1,1,1,© OpenStreetMap contributors,Open Database License,https://www.openstreetmap.org/copyright
DX0823165,1201002468,TEZMAKSAN MAKINA SAN. VE TIC.,DX165,2,Linea DINOX,"ABDI IPEKCI CADDESI, 129",BAYRAMPASA,3404,,Turchia,36.160074,36.2484824,2622,,,,,,,,,,,,,,,,,,,,,,
FP493,1201003026,C.M.O. S.R.L.,FP493,2,,"VIA GIOVANNI STEFANI, 10",PRAVISDOMINI,33076,PN,Italia,12.6824958,45.8083879,2470,,,,,,,,,,,,,,,,,,,,,,
DW012,1201003668,MERRILL TECHNOLOGIES GROUP,DW012,,,21659 W. GRATIOT RD.,MERRIL,48637,MI,Stati Uniti d'America,-84.815447,43.466235,-3539,43.372549551304346,-84.3229777452174,"Lakefield Township, MI 48637, Stati Uniti d'America",Lakefield Township,,,48637,,,Lakefield Township,Saginaw County,,Michigan,MI,Stati Uniti d'America,us,0.25,1,,© OpenStreetMap contributors,Open Database License,https://www.openstreetmap.org/copyright
SR9003002,1201003813,CGA TECHNOLOGIES S.R.L.,SR002,,,VIA DELL'INDUSTRIA 22,CIVIDALE DEL FRIULI,33043,UD,Italia,12.0827358,44.2324952,3923,,,,,,,,,,,,,,,,,,,,,,
FP494,1201003503,BOAT LIFT S.R.L.,FP494,,,"VIA ALBA-NARZOLE, 19",DIANO D'ALBA,12055,CN,Italia,7.9801002,44.6550109,-1155,,,,,,,,,,,,,,,,,,,,,,
FP541,1201003503,BOAT LIFT S.R.L.,FP541,,,"VIA ALBA-NARZOLE, 19",DIANO D'ALBA,12055,CN,Italia,7.9801002,44.6550109,-2625,,,,,,,,,,,,,,,,,,,,,,
FP534,1201002162,BONFANTI SRL,FP534,1,,STRADA STATALE BRIANTEA N. 4,AMBIVERE,24030,BG,,9.0409854,45.7809664,-2990,,,,,,,,,,,,,,,,,,,,,,
B01011LML,1201004148,SAMEC S.R.L.,SI010,,(Linea SPAZIO_LML),"VIA MARTIRI DELLA MAFIA, 8",PIOVE DI SACCO,35028,PD,Italia,12.04911941,45.28153189,-3678,,,,,,,,,,,,,,,,,,,,,,
DM0712030,1201004151,"SHENZHEN CHONGTENG TECHNOLOGY CO.,LTD",DM030,,,"NO.607 KAININGGE STREET SHEKOUXIN, DIST NANSHAN, SHENZHEN",GUANGDONG,518067,,Cina,43.88896842,56.33820026,727,24.3239,97.9488,"Guangdong, Yunnan, Cina",,,,,,,Guangdong,Dehong,,Yunnan,,Cina,cn,0.25,1,,Who's On First,CC0,https://www.whosonfirst.org/docs/licenses/
XM2607039,1201003631,"ACCURPRESS (SUZHOU) MACHINERY CO,LTD",XM030,,,"NO.1 AIKE ROAD, SHAXI INDUSTRIAL PARK, TAICANG DISTRICT",JIANGSU PROVINCE,215421,,Cina,9.196665562,45.46117579,2839,35.410875,-83.458125,"441 Industrial Park, Bryson City, Carolina del Nord 28713, Stati Uniti d'America",,441,Industrial Park,28713,,,Bryson City,contea di Swain,,Carolina del Nord,,Stati Uniti d'America,us,0,,,© OpenAddresses contributors,BSD-3-Clause License,
FP536,1201003516,T.M.A. DI BOGLIARI SRL,FP536,,,Z.IND.SAN ZENO -STRADA B N.12,OLMO,52100,AR,Italia,11.82807,43.42957,1109,43.431541,11.832725,"Strada Comunale San Zeno, 19, 52100 Arezzo Provincia di Arezzo, Italia",,19,Strada Comunale San Zeno,52100,,Comune di Arezzo,Arezzo,Provincia di Arezzo,,Toscana,TOS,Italia,it,0.30541455,1,0.5103000000000001,© OpenAddresses contributors,BSD-3-Clause License,
DP0423032,1201004037,FMK HAVACILIK VE SAVUNMA SAN.,DP032,1,,KARAOGLAN MAH. 3964. CD NO:49A,GÖLBASI/ ANKARA,,,Turchia,32.81523,39.74921,2840,39.955016,32.562892,"Savunma Sokak, Sincan, Turchia",,,Savunma Sokak,,,,,Sincan,,provincia di Ankara,,Turchia,tr,0.02366863905325444,0.3076923076923077,0.04733727810650888,© OpenStreetMap contributors,Open Database License,https://www.openstreetmap.org/copyright
VM0823208,1201004073,METAL GROUP ELITE 2006 LTD,VM208,,,GRIVISHKO SHOSE 6,PLEVEN,5803,,Bulgaria,24.656595,43.4131689,2879,,,,,,,,,,,,,,,,,,,,,,
PM6000017,1201004147,PROFILGLASS S.P.A.,PM017,1,Linea PRAGMA_M,"VIA UGO LA MALFA, 18",BELLOCCHI DI FANO,61032,PU,,13.00704418,43.78531965,2660,,,,,,,,,,,,,,,,,,,,,,
LM0602117,1201004147,PROFILGLASS S.P.A.,LM118,1,Linea SIRIO_M,"VIA UGO LA MALFA, 18",BELLOCCHI DI FANO,61032,PU,,13.00704418,43.78531965,-13,,,,,,,,,,,,,,,,,,,,,,
GM0823248,1201004081,GESTION PLESSITECH INC.,GM248,,,2250 AVENUE VALLEE C.P. 37,"PLESSISVILLE, QC",G6L 2Y6,,Canada,-71.77667,46.22957,2021,46.2284126,-71.7755788,"2250 Avenue Vallée, Plessisville, QC G6L 2W8, Canada",,2250,Avenue Vallée,G6L 2W8,,,Plessisville,L'Érable,,Québec,,Canada,ca,0.63,0.7,0.7,© OpenStreetMap contributors,Open Database License,https://www.openstreetmap.org/copyright
MARES000305,1201003700,M.G.S. S.R.L.,M2132,,,"VIA MORONATA, 14/A",OLGINATE,23854,LC,Italia,9.4284604,45.7849618,2345,,,,,,,,,,,,,,,,,,,,,,
VM0614096,1201004158,TE.ST.NEW COMPANY D.O.O.,VM096,,,"GLAVNA, 108",MALI IDOS,24321,,Serbia,7.738100185,44.84553884,-753,45.7019521,19.6788685,"Glavna 108, 24321 Mali Idjos, Serbia",,108,Glavna,24321,,,Mali Idjos,Distretto della Bačka Settentrionale,,Voivodina,,Serbia,rs,0.6480000000000001,0.7200000000000001,0.7200000000000001,,,
DX2523167,1201004114,SAPP S.P.A.,DX167,1,,VIA BORSELLINO 12/14,ROVATO,25038,BS,Italia,14.5422374,37.4775404,-1597,,,,,,,,,,,,,,,,,,,,,,
KM1213013,1201004159,ARDELT KRANBAU GMBH,KM013,,,"HEEGERMUHLER STRASSE, 64",EBERSWALDE,16225,,Germania,13.77994303,52.83875688,1777,,,,,,,,,,,,,,,,,,,,,,
VM1424212,1201004072,AB LARSSON & KJELLBERG,VM212,,,VERKSTADSGATAN 9,OXELÖSUND,613 41,,Svezia,17.6816361,59.848304,1132,,,,,,,,,,,,,,,,,,,,,,
DX0223031,1201003927,MARELLI MOTHERSON AUTOMOTIVE LIGHTING INDIA PVT LTD,DX031,,,"PLOT NO. 3, SECTOR 156",NOIDA,201 301,,India,-72.374475,-36.2506481,-591,28.5706333,77.3272147,"Dadri (Noida) - 201301, UP, India",Noida,,,201301,,,Noida,Gautam Buddha Nagar District,,Uttar Pradesh,UP,India,in,0.5,1,,© OpenStreetMap contributors,Open Database License,https://www.openstreetmap.org/copyright
MBO24,1201999999,FPT INDUSTRIE SPA,MBO24,,,VIA E.FERMI 18,SANTA MARIA DI SALA,30036,VE,Italia,11.0688328,43.6490778,4505,45.5044606,12.0198986,"FPT Industrie S.p.A, Via Enrico Fermi, 18, 30036 Santa Maria di Sala VE, Italia",FPT Industrie S.p.A,18,Via Enrico Fermi,30036,Zona Industriale Santa Maria di Sala,,Santa Maria di Sala,Venezia,VE,Veneto,VEN,Italia,it,1,1,1,© OpenStreetMap contributors,Open Database License,https://www.openstreetmap.org/copyright
LM0696001,1201004165,SEPIM SRL,LM001,1,Linea SIRIO_M,"VIA MOSE' BIANCHI, 34",CARATE BRIANZA,20841,MB,,10.97280102,44.59886249,1726,45.6765494,9.2371619,"20841 Carate Brianza, Italia",,,,20841,,,Carate Brianza,Monza e della Brianza,MB,Lombardia,LOM,Italia,it,0.25,1,,© OpenStreetMap contributors,Open Database License,https://www.openstreetmap.org/copyright
B94008,1201004167,KASIKCIOGLU CNC MACHINE SERV.,4594,1,Obsoleta,ÜÇEVLER MH. 18. CD. K. SAN.SITE 85. BL. NO:83/1,NILÜFER/ BURSA,16159,,,28.83492454,40.21710285,3554,43.337026,-5.015344,"Cs Con (con), 1, 33556 Cangas De Onís, Spagna",,1,Cs Con (con),33556,,,Cangas De Onís,Asturie,,Asturie,,Spagna,es,0,,,© OpenAddresses contributors,BSD-3-Clause License,
B98095,1201001393,TECNO IN MACCHINE UTENSILI SRL,SB055,,Linea SPAZIO,"VIA VECCHIA DI CUNEO, 51/A",BORGO SAN DALMAZZO,12011,CN,Italia,7.651783134,45.02240754,4673,,,,,,,,,,,,,,,,,,,,,,
SV1717082,1201004168,B.S.I. SRL,SV082,,,"VIA PIZZO SCALINO, 10",CITTA' GIUSSANO,20833,MB,Italia,8.56527E+14,45.44484693,-906,,,,,,,,,,,,,,,,,,,,,,
M209307,1201004169,DAL BEN S.P.A.,XMO03,,,"VIA G.DI VITTORIO, 12",SAN STINO DI LIVENZA,30029,VE,Italia,-8.29703E+14,42.23999147,-2650,45.717631,12.700803,"Via Giuseppe Di Vittorio, 12, 30029 Santo Stino di Livenza VE, Italia",,12,Via Giuseppe Di Vittorio,30029,,Comune di Santo Stino di Livenza,Santo Stino di Livenza,Venezia,VE,Veneto,VEN,Italia,it,0.81,1,0.9,© OpenAddresses contributors,BSD-3-Clause License,
AM1203071,1201004170,LES INDUSTRIES ACADIENNES INC.,AM052,,Linea AREA_M,8829 PASCAL GAGNON,"ST-LEONARD, MONTREAL",H1P 1Z4,,Canada,-85.69898364,43.07204083,-4109,45.60404607608696,-73.59223697826087,"8829 Rue Pascal-Gagnon, Montréal, QC H1P 1Z3, Canada",,8829,Rue Pascal-Gagnon,H1P 1Z3,Saint-Léonard,,Montréal,Agglomération de Montréal,,Québec,,Canada,ca,0.63,0.7,0.7,© OpenStreetMap contributors,Open Database License,https://www.openstreetmap.org/copyright
CT3023031,1201002762,MURGESI SRL,CT031,,,S.P. 230 KM 32 + 150,SPINAZZOLA,76014,BT,Italia,16.10745,40.9555,3764,40.9691675,16.088007,"76014 Spinazzola, Italia",,,,76014,,,Spinazzola,Barletta-Andria-Trani,BT,Puglia,PUG,Italia,it,0.25,1,,© OpenStreetMap contributors,Open Database License,https://www.openstreetmap.org/copyright
OM1424002,1201004141,ÖNDER METAL MAK.VE INS.SAN.VE TIC. A.S.,OM002,,,HOROZLUHAN MH. SELCUKLU CAD. NO:157,SELCUKLU / KONYA,42120,,Turchia,32.52403,37.94193,-1085,37.8842,32.49222,"Selçuklu, Konya, Turchia",,,,,,,Selçuklu,Selçuklu,,Konya,,Turchia,tr,0.1575,0.63,,Who's On First,CC0,https://www.whosonfirst.org/docs/licenses/
OM1424003,1201004141,ÖNDER METAL MAK.VE INS.SAN.VE TIC. A.S.,OM003,,,HOROZLUHAN MH. SELCUKLU CAD. NO:157,SELCUKLU / KONYA,42120,,Turchia,32.52403,37.94193,-371,37.8842,32.49222,"Selçuklu, Konya, Turchia",,,,,,,Selçuklu,Selçuklu,,Konya,,Turchia,tr,0.1575,0.63,,Who's On First,CC0,https://www.whosonfirst.org/docs/licenses/
VM0623209,1201002162,BONFANTI SRL,VM209,1,,STRADA STATALE BRIANTEA N. 4,AMBIVERE,24030,BG,,9.0409854,45.7809664,-815,,,,,,,,,,,,,,,,,,,,,,
TM5024136,1201002830,DOPPELMAYR ITALIA SRL,TM136,,,VIA PETER ANICH 14 ZONA INDUST,LANA,39011,BZ,Italia,11.17192,46.62984,-3844,,,,,,,,,,,,,,,,,,,,,,
KA1624020,1201003791,FADAL PRECISION TECHNOLOGIES INC.,KA020,,,400 FLORENCE STREET,SAGINAW,48602,MI,Stati Uniti d'America,-73.6102261,40.6607521,380,,,,,,,,,,,,,,,,,,,,,,
VT2524021,1201004123,BOTOU DE MA MACHINE TOOL CO.LT,VT021,1,,SOUTH OF GIANT HEAVY INDUSTRY STREET,"BOTOU, HEBEI PROV.",62150,,Cina,,,-4896,,,,,,,,,,,,,,,,,,,,,,
TM5024137,1201004104,MAXRICH INDUSTRIES,TM137,,,"PLOT NO. J-161, J-BLOCK, MIDC, BHOSARI","PUNE, MH",411026,,India,73.8299,18.64007,-195,18.6220957,73.8511131,"Bhosari Flyover, Bhosari, Pimpri-Chinchwad - 411026, MH, India",Bhosari Flyover,,Bhosari Flyover,411026,Bhosari,,Pimpri-Chinchwad,Haveli,,Maharashtra,MH,India,in,0.4275,1,0.9,© OpenStreetMap contributors,Open Database License,https://www.openstreetmap.org/copyright
VM0624210,1201002165,"BUTECH-BLISS, INC.",VM210,,,550 S. ELLSWORTH AVENUE,SALEM,44460,OH,Stati Uniti d'America,-80.856888,40.8969395,963,,,,,,,,,,,,,,,,,,,,,,
VM0424203,1201002165,"BUTECH-BLISS, INC.",VM203,,,550 S. ELLSWORTH AVENUE,SALEM,44460,OH,Stati Uniti d'America,-80.856888,40.8969395,-15,,,,,,,,,,,,,,,,,,,,,,
VM0424204,1201002165,"BUTECH-BLISS, INC.",VM204,,,550 S. ELLSWORTH AVENUE,SALEM,44460,OH,Stati Uniti d'America,-80.856888,40.8969395,3797,,,,,,,,,,,,,,,,,,,,,,
RV1502007,1201004174,ASA ALUMÍNIO S/A,RV007,,Linea RAID,"RUA DA CERÂMICA, 100",BAIRRO SÃO JOSÉ CAMPINAS SP,,,Brasile,-82.96680063,42.23919245,-1498,-23.622928,-46.585228,"Rua Da Ceramica 1, Sacoma, San Paolo - Southeast, 04240-130, Brasile",,1,Rua Da Ceramica,04240-130,Sacoma,Jardim Paulista,San Paolo,San Paolo,,Southeast,,Brasile,br,0.075,0.16666666666666666,0.16666666666666666,© OpenAddresses contributors,BSD-3-Clause License,
PM6003052,1201004174,ASA ALUMÍNIO S/A,PM052,,Linea PRAGMA_M,"RUA DA CERÂMICA, 100",BAIRRO SÃO JOSÉ CAMPINAS SP,,,Brasile,-82.9400085,42.30683041,1417,-23.622928,-46.585228,"Rua Da Ceramica 1, Sacoma, San Paolo - Southeast, 04240-130, Brasile",,1,Rua Da Ceramica,04240-130,Sacoma,Jardim Paulista,San Paolo,San Paolo,,Southeast,,Brasile,br,0.075,0.16666666666666666,0.16666666666666666,© OpenAddresses contributors,BSD-3-Clause License,
PM3599004,1201004174,ASA ALUMÍNIO S/A,PM004,,Linea PRAGMA_M,"RUA DA CERÂMICA, 100",BAIRRO SÃO JOSÉ CAMPINAS SP,,,Brasile,-82.96680063,42.23919245,4457,-23.622928,-46.585228,"Rua Da Ceramica 1, Sacoma, San Paolo - Southeast, 04240-130, Brasile",,1,Rua Da Ceramica,04240-130,Sacoma,Jardim Paulista,San Paolo,San Paolo,,Southeast,,Brasile,br,0.075,0.16666666666666666,0.16666666666666666,© OpenAddresses contributors,BSD-3-Clause License,
LM0499045,1201004174,ASA ALUMÍNIO S/A,LM046,,Linea SIRIO_M,"RUA DA CERÂMICA, 100",BAIRRO SÃO JOSÉ CAMPINAS SP,,,Brasile,-82.9400085,42.30683041,-1670,-23.622928,-46.585228,"Rua Da Ceramica 1, Sacoma, San Paolo - Southeast, 04240-130, Brasile",,1,Rua Da Ceramica,04240-130,Sacoma,Jardim Paulista,San Paolo,San Paolo,,Southeast,,Brasile,br,0.075,0.16666666666666666,0.16666666666666666,© OpenAddresses contributors,BSD-3-Clause License,
VM0615112,1201004176,VOIRON MECANIQUE SAS,VM112,,,11 RUE ALPHONSE ALLAMAN ZI DENFERT ROCHEREAU,VOIRON,38500,,Francia,7.828415785,44.66959383,-2843,45.358732,5.595909,"11 Rue Alphonse Allaman, 38500 Voiron, Francia",,11,Rue Alphonse Allaman,38500,Voiron,Voiron,Voiron,Isère,,Alvernia-Rodano-Alpi,,Francia,fr,0.54,1,0.6,© OpenAddresses contributors,BSD-3-Clause License,
GM0806011,1201002224,MEC. CARP. SRL,GM011,,,VICOLO TREVISO 2 - SIGNORESSA,TREVIGNANO,31040,TV,Italia,10.5277,52.2943,1878,,,,,,,,,,,,,,,,,,,,,,
LM0802100,1201003962,ITALMEC SRL A SOCIO UNICO,LM101,1,Linea SIRIO_M,"VIA DE LITTA, 8R",VALLEGGIA DI QUILIANO,17047,SV,Italia,8.425147173,44.28336314,3429,44.283155,8.425504,"Via Ernesto De Litta, 8, 17047 Valleggia SV, Italia",,8,Via Ernesto De Litta,17047,,Comune di Quiliano,Valleggia,Savona,SV,Liguria,LIG,Italia,it,0.7695,1,0.9,© OpenAddresses contributors,BSD-3-Clause License,
L59183,1201004178,IPERPROFIL SRL,L5037,,,"VIA DON G. CALZÀ, 2/4",VILLA LAGARINA,38060,TN,Italia,9.983671894,45.55946513,3769,45.9149896,11.0330024,"38060 Villa Lagarina, Italia",,,,38060,,,Villa Lagarina,Provincia di Trento,,Trentino-Alto Adige,TRE,Italia,it,0.25,1,,© OpenStreetMap contributors,Open Database License,https://www.openstreetmap.org/copyright
DM1213046,1201003197,ARIANEGROUP SAS,DM046,,,51-61 ROUTE DE VERNEUIL,LES MUREAUX,78131,,Francia,1.922699859,48.99852629,-3987,,,,,,,,,,,,,,,,,,,,,,
AM1205080,1201004101,ALSYMEX,AM061,,Linea AREA_M,17 BIS AVENUE DES FORGES,TARBES,65000,,Francia,0.081245642,43.24130592,4742,,,,,,,,,,,,,,,,,,,,,,
AT0005007,1201004101,ALSYMEX,AT007,,Linea AREA_T,17 BIS AVENUE DES FORGES,TARBES,65000,,Francia,0.081245642,43.24130592,1223,,,,,,,,,,,,,,,,,,,,,,
LM1099043,1201000310,HEXAGON METROLOGY SPA,LM044,,Linea SIRIO_M,"STRADA DEL PORTONE, 113",GRUGLIASCO,10095,TO,Italia,7.714768041,44.97453293,2018,,,,,,,,,,,,,,,,,,,,,,
DM0422139,1201000310,HEXAGON METROLOGY SPA,DM139,,,"STRADA DEL PORTONE, 113",GRUGLIASCO,10095,TO,Italia,10.0125357,44.916578,4090,,,,,,,,,,,,,,,,,,,,,,
MARES0000306,1201003586,COSTAMP GROUP SPA,M2406,,,VIA VERDI 6,SIRONE,23844,LC,Italia,10.6832663,44.9637143,2405,,,,,,,,,,,,,,,,,,,,,,
MARES0000266,1201000310,HEXAGON METROLOGY SPA,M2215,,,"STRADA DEL PORTONE, 113",GRUGLIASCO,10095,TO,Italia,10.0125357,44.916578,4224,,,,,,,,,,,,,,,,,,,,,,
MARES0000307,1201003785,FARCON S.R.L.,M2146,,,"VIA FONTANELLA, 10",SOLBIATE CON CAGNO,22043,CO,Italia,10.6281951,44.4927277,2549,,,,,,,,,,,,,,,,,,,,,,
MARES0000308,1201003996,PELFA GROUP SRL A SOCIO UNICO,M2150,,,"VIA EUROPA, 4",BUJA,33030,UD,Italia,10.8983211,44.5697945,629,,,,,,,,,,,,,,,,,,,,,,
AM1202053,1201004024,IRLE ROLLS GMBH,AM034,,Linea AREA_M,HUTTENWEG 5,NETPHEN (DEUZ),57250,,Germania,8.148323973,50.88500309,-361,,,,,,,,,,,,,,,,,,,,,,
GM0612084,1201004098,AMBIGROUP DEMOLIÇÕES S.A,GM084,,,"RUA DO ESPARGAL, 38",ARRANHO,2630-058,,Portogallo,-8.907997325,39.71116887,-1214,,,,,,,,,,,,,,,,,,,,,,
SV1705018,1201001629,TRIANGLE TOOL CORPORATION,SV018,,Linea STINGER,8609 W. PORT AVENUE,MILWAUKEE,53224,WI,Stati Uniti d'America,-87.933821,43.31712668,-4979,,,,,,,,,,,,,,,,,,,,,,
MARES0000309,1201002162,BONFANTI SRL,M2409,1,,STRADA STATALE BRIANTEA N. 4,AMBIVERE,24030,BG,,9.0409854,45.7809664,-2197,,,,,,,,,,,,,,,,,,,,,,